question,answer_snippet,mapped_clarity_true,mapped_clarity_pred,true_label,pred_label
 Inquiring about the status or information regarding the redline.,"Well, the world has made it clear that these tests caused us to come together and work in the United Nations to send a clear message to the North Kore",Ambivalent,UNKNOWN,Dodging,PARSE_ERROR
Will you invite them to the White House to negotiate on the jobs bill?,"I think that anytime and anyplace that they are serious about working on putting people back to work, we'll be prepared to work with them. But we're n",Ambivalent,UNKNOWN,General,PARSE_ERROR
Why was it necessary for Japan to drop the threat of sanctions from its proposed Security Council resolution about North Korea?,I think that the purpose of the U.N. Security Council resolution is to send a clear message to the leader of that the world condemns that which he did,Ambivalent,UNKNOWN,Implicit,PARSE_ERROR
When will we see this resolution?,"I'll let Condi talk about the details of what she's going to do today, if you care to hear from her. But we will work with our partners to get the res",Ambivalent,UNKNOWN,General,PARSE_ERROR
Updating the figure of Iraqi deaths,"No, I don't consider it a credible report; neither does General Casey and neither do Iraqi officials. I do know that a lot of innocent people have die",Ambivalent,Clear Reply,Dodging,Explicit
Do you think the Republican leader in the House owes somebody an apology?,"I wouldn't have exactly put it that way. But I do believe there's a difference of attitude. I mean, take the PATRIOT Act, for example—an interesting d",Ambivalent,UNKNOWN,Dodging,PARSE_ERROR
Do you ever feel like the walls are closing in on you in terms of support for this?,"[] Jim, I understand how hard it is, and I also understand the stakes. And let me go back to Senator Warner. Senator Warner said, If the plan isn't wo",Ambivalent,UNKNOWN,Dodging,PARSE_ERROR
 Is the demand for Israeli troops to pull out immediately negotiable?,"Whatever happens in the U.N., we must not create a vacuum into which Hizballah and its sponsors are able to move more weapons. Sometimes the world lik",Ambivalent,Ambivalent,Dodging,General
What are you offering the Arab nations to encourage them to participate?,"Right. Well, that's why Condi is making the trip she's making, is to explain to people in private, as well as in public, that, one, we're for comprehe",Ambivalent,Ambivalent,General,Implicit
Isn't Tehran's influence in the region growing despite your efforts to curb it?,The final history in the region has yet to be written. And what's very interesting about the violence in Lebanon and the violence in and the violence ,Ambivalent,UNKNOWN,Implicit,PARSE_ERROR
. Has he changed?,I think the person who I was referring to in 2001 is the same strong-willed person. He is a person with whom I have had agreements and disagreements t,Ambivalent,UNKNOWN,Implicit,PARSE_ERROR
Shape of the multinational force,"In terms of the troops, that's what the meeting Monday is going to be about. And this is one of these issues that requires international consensus. Pe",Clear Reply,UNKNOWN,Explicit,PARSE_ERROR
Do you see any contradictory evidence in the culture?,"No, I said—Mike, thanks. I was just speculating that the culture might be changing, and I was talking about when you're involved with making decisions",Ambivalent,Ambivalent,Dodging,Implicit
What have they achieved and what will they leave behind for their successors?,"Okay, I will start answering. Has it become better, or has it become worse? We always want to have more of a good thing, and we shouldn't forget that ",Clear Reply,Ambivalent,Explicit,General
Are you willing to acknowledge that a change may be needed?,"Steve, we're constantly changing tactics to achieve a strategic goal. Our strategic goal is a country which can defend itself, sustain itself, and gov",Ambivalent,Ambivalent,Implicit,General
Messages for the Governments of Iran and Syria,"Want me to start? My message is, give up your nuclear weapon and your nuclear weapon ambitions. That's my message to Syria—I mean, to Iran. And my mes",Clear Reply,Clear Reply,Explicit,Explicit
What is your philosophy on granting Presidential pardons?,"You know, I don't have the criterion in front of me, Mark, but we have a strict criterion that we utilize—we being the Justice Department and the Whit",Ambivalent,UNKNOWN,Dodging,PARSE_ERROR
Would you campaign against Senator Joe Lieberman on Iraq?,I'm going to stay out of Connecticut. [],Ambivalent,UNKNOWN,Dodging,PARSE_ERROR
Would you veto the bill if it passes in the form that the Armed Services Committee approved yesterday?,"First, we have been working throughout the summer, talking to key players about getting a bill that will enable the program to go forward, and was ple",Ambivalent,UNKNOWN,Dodging,PARSE_ERROR
What makes this more than a piece of paper if you don't have the will of the international community to back it up?,"Yes. No, listen—all the more reason why we need to help our friends and allies get the forces necessary to help the Lebanese forces keep the cessation",Ambivalent,UNKNOWN,Implicit,PARSE_ERROR
 Fear and concern in Israel that the administration will not take necessary action against Iran due to the duration and unpopularity of the war in Iraq.,"[Inaudible]—what the NIE actually said. It said that, as far as the intelligence community could tell, at one time, the ians had a military—covert mil",Ambivalent,Ambivalent,General,Implicit
Was this coordinated with you?,"No, it wasn't coordinated with me, and my patience ran out on President Asad a long time ago. And the reason why is, is because he houses Hamas; he fa",Clear Reply,Clear Reply,Explicit,Explicit
. What are the odds for a guest-worker provision?,"Well, that's got to be an integral part of a comprehensive plan. When you're talking comprehensive immigration reform, one part of it is a guest-worke",Ambivalent,UNKNOWN,Implicit,PARSE_ERROR
"Are you concerned that the fiscal pressures the United States is under at the moment may compromise its ability to sustain its plans for the region, including the initiatives announced today?","With respect to Europe, I'm deeply concerned, have been deeply concerned, I suspect we'll be deeply concerned tomorrow and next week and the week afte",Ambivalent,UNKNOWN,General,PARSE_ERROR
"What is the hook to get Hizballah to accept a cease-fire, stop shooting, and stop kidnapping soldiers from across the border of another country?","Yes, I would hope it would be international pressure on not only Hizballah, the group of Hizballah within Lebanon, but also its sponsors. And that's t",Ambivalent,UNKNOWN,Implicit,PARSE_ERROR
What is the outlook in your view when you will be presenting your first report?,"Well, to answer the first question, there's the financial problem, which is quite delicate in several markets. What I can tell you in relation to the ",Ambivalent,Ambivalent,General,General
When are you going to tell the Israelis to stop destroying houses in Lebanon?,"Look, we care deeply about the people whose lives have been affected in Lebanon, just like we care deeply about the people whose lives have been affec",Ambivalent,UNKNOWN,Deflection,PARSE_ERROR
Do you have to take those with something of a grain of salt until the supercommittee process is concluded?,"With respect to Europe, I'm deeply concerned, have been deeply concerned, I suspect we'll be deeply concerned tomorrow and next week and the week afte",Ambivalent,UNKNOWN,Dodging,PARSE_ERROR
Why do you still say there is a relationship between them?,The point I was making to Ken Herman's [Austin American-Statesman] question was that was a state sponsor of terror and that Mr. Zarqawi was in Iraq. H,Ambivalent,UNKNOWN,Dodging,PARSE_ERROR
"Mr. President, if the EU does not receive a definitive answer from Iran on the incentives package by next week, do you foresee the G-8 summit as being a springboard to bring that issue to the U.N. Security Council?",I said I wasn't going to answer a hypothetical; now you're trying to get me to answer a hypothetical. The G-8 will be an opportunity for those of us i,Clear Non-Reply,UNKNOWN,Declining to answer,PARSE_ERROR
 New Policy on Intercepting North Korean Ships,"Well, this is not simply a U.S. policy; this is a international policy. This was part of what the Security Council resolution calls for, is the interd",Clear Reply,UNKNOWN,Explicit,PARSE_ERROR
How do you measure progress with a body count like that?,"Well, one way you do it is you measure progress based upon the resilience of the Iraqi people: Do they want there to be a unity government, or are the",Ambivalent,Ambivalent,General,General
Why would you agree with Senator McCain or Senator Obama?,"No, I appreciate you trying to drag me in the '08 race. And this is the first attempt to do so, and I can understand why you would want to do that.I w",Clear Non-Reply,UNKNOWN,Declining to answer,PARSE_ERROR
What do you say to people who say more troops in Iraq would increase the sectarian split and not calm things down?,"Well, I haven't made up my mind yet about more troops. I'm listening to our commanders; I'm listening to the Joint Chiefs, of course; I'm listening to",Ambivalent,UNKNOWN,General,PARSE_ERROR
Are you still willing to follow a path that seems to be in opposition to the will of the American people?,"I am willing to follow a path that leads to victory, and that's exactly why we're conducting the review we are. Victory in Iraq is achievable. It hasn",Ambivalent,UNKNOWN,Implicit,PARSE_ERROR
How much of a political price do you think you're paying for that right now?,"I've been talking about gas prices ever since they got high, starting with this—look, I understand gas prices are like a hidden tax—not a hidden tax, ",Ambivalent,UNKNOWN,Dodging,PARSE_ERROR
Is it no longer important to track him down?,"It's just an incorrect story. I mean, we got a lot of assets looking for . So whatever you want to read in that story, it's just not true, period.",Clear Reply,UNKNOWN,Explicit,PARSE_ERROR
New instructions for Secretary Rice's visit to the region,Her instructions are to work with Israel and Lebanon to get a— to come up with an acceptable U.N. Security Council resolution that we can table next w,Ambivalent,Ambivalent,Implicit,General
What message do you hope this summit sends to Senator Jon Kyl and other Republicans in the Senate who are resisting voting on and ratifying START in the lame duck session?,"Well, a couple of messages that I just want to send to the American people. Number one, I think that Americans should be proud that an alliance that b",Ambivalent,UNKNOWN,General,PARSE_ERROR
"Role of China in Africa's development and its positive aspects, areas of improvement, and stance on human rights issues and corruption.","Well, I might let John start. He's, after all, been engaged with leaders. I have an opinion, but we'll let him start. I believe we should all agree, f",Ambivalent,UNKNOWN,Partial/half-answer,PARSE_ERROR
Potential impact on the President's viewpoint,"I think he made it pretty clear the removal of Saddam—I don't know about this column, but I know his previous statements, he said getting rid of Sadda",Ambivalent,UNKNOWN,Implicit,PARSE_ERROR
"Did Prime Minister Olmert present positions to Mr. Bush that contradict those of the Americans, and is there concern that his recent statement suggests his hands are tied when it comes to Iran?","[Inaudible]—what the NIE actually said. It said that, as far as the intelligence community could tell, at one time, the ians had a military—covert mil",Ambivalent,Ambivalent,Implicit,Implicit
Do you and the President believe that Israel is on the right side in the war on terror?,"Look, we care deeply about the people whose lives have been affected in Lebanon, just like we care deeply about the people whose lives have been affec",Ambivalent,UNKNOWN,Dodging,PARSE_ERROR
Other financial steps the President is prepared to take if the rate cut is deemed insufficient,"Roger, I do not comment on the decisions made by the Fed. I will comment on Ben Bernanke; I think he's doing a fine job. The White House and the Congr",Ambivalent,UNKNOWN,Dodging,PARSE_ERROR
 Has it improved the chances of something like Mideast peace?,"I think it offers an opportunity as well as a challenge. I think the opportunity is that when you have the kinds of people who were in Tahrir Square, ",Ambivalent,UNKNOWN,Implicit,PARSE_ERROR
. Efforts President Lee Myung-bak intends to employ to reach an agreement,"The talks will continue. The talks, like I said, will continue between Korea and the United States. And as you know, my Trade Minister as well as the ",Ambivalent,UNKNOWN,Implicit,PARSE_ERROR
Concern about financial institutions seeking investments from foreign government-controlled funds.,"No, I like to get our money back. I think the world that is open for investment and trade is a world that will lead to overall prosperity. It's intere",Clear Reply,UNKNOWN,Explicit,PARSE_ERROR
Will you pressure the French to contribute more troops?,"Well, we're pressing on all. I was asked about the French the other day at Camp David, and I—listen, France has had a very close relationship with Leb",Ambivalent,UNKNOWN,Implicit,PARSE_ERROR
Is there any chance of getting a deal?,"Thank you. We are responding to congressional law. And I—let me reinterpret your—is your question, is there flexibility in the law, basically? Yes, I ",Ambivalent,Ambivalent,General,Deflection
Will the prison close?,"Well, I haven't had a chance to fully review what the Court said, Terry. I wish I had, and I could have given you a better answer. As I say, we take t",Clear Non-Reply,UNKNOWN,Claims ignorance,PARSE_ERROR
What sort of cooperation do you think is possible between the U.S. and Japan to address the abduction issue?,"Do you want to go? Yes, please. The ns—I believe, in the first place, we need to try and approach the ns not to launch Taepodong-2, through various ef",Ambivalent,UNKNOWN,General,PARSE_ERROR
How do you feel about Plan B in general?,I believe that Plan B ought to be—ought to require a prescription for minors; that's what I believe. And I support Andy's decision. The President.Than,Clear Reply,UNKNOWN,Explicit,PARSE_ERROR
"Can you continue to sustain the kind of level of spending that you've invested in, in Iraq?","I would certainly hope so, because when you say, sustain the level of spending, you're mainly talking about making sure our troops have what it takes ",Ambivalent,UNKNOWN,General,PARSE_ERROR
What is the magnet?,"Yes, I would hope it would be international pressure on not only Hizballah, the group of Hizballah within Lebanon, but also its sponsors. And that's t",Ambivalent,UNKNOWN,Implicit,PARSE_ERROR
Addressing the desire of Cuban exiles to go home and reclaim their property.,"First of all, Cuba is not a very transparent society, so the only thing I know is what has been speculated. And that is that, on the one hand, he's ve",Clear Reply,Clear Non-Reply,Explicit,Claims ignorance
Revisiting immigration in a lame-duck session after the election,"Bob, I strongly believe that in order to protect this border, Congress has got to pass a comprehensive plan that on the one hand provides additional m",Ambivalent,Ambivalent,General,General
" Why wouldn't you be frustrated, sir, about what's happening?",I'm not—I do remember the meeting; I don't remember being surprised. I'm not sure what they meant by that.,Clear Non-Reply,UNKNOWN,Claims ignorance,PARSE_ERROR
Administration's contingency plans for his death,"First of all, Cuba is not a very transparent society, so the only thing I know is what has been speculated. And that is that, on the one hand, he's ve",Ambivalent,Clear Non-Reply,Dodging,Claims ignorance
Performance of the Fed in handling the financial crisis,I'm not going to make news about Ben Bernanke--[]--although I think he has done a fine job under very difficult circumstances.I would say that all fin,Clear Reply,Clear Non-Reply,Explicit,Claims ignorance
What do you say to people who are losing patience with gas prices at $3 a gallon?,"I've been talking about gas prices ever since they got high, starting with this—look, I understand gas prices are like a hidden tax—not a hidden tax, ",Ambivalent,Clear Reply,General,Explicit
 Request for permission to ask another question on veterans.,Go ahead—he hasn't asked his question yet. I rudely interrupted him.The Presidency/Cooperation With Congress/,Clear Reply,UNKNOWN,Explicit,PARSE_ERROR
Permission to direct a question to President Hu.,Of course.,Clear Reply,Clear Reply,Explicit,Explicit
"And to President Karzai, if I might, what do you think of President Musharraf's comments that you need to get to know your own country better when you're talking about where terror threats and the Taliban threat is coming from?","Do you want to start? Go ahead, please. [] I, of course, read the key judgments on the NIE. I agree with their conclusion that because of our successe",Ambivalent,Ambivalent,Dodging,Dodging
 Has House Speaker Hastert lost touch within his own ranks?,"No, I think the Speaker's strong statements have made it clear to not only the party members but to the country that he wants to find out the facts. A",Clear Reply,Clear Reply,Explicit,Explicit
Will the President pledge to the family of Corporal Pat Tillman that the government and administration will finally get to the bottom of his death?,"Well, first of all, I can understand why 's family, you know, has got significant emotions, because a man they loved and respected was killed while he",Ambivalent,UNKNOWN,Implicit,PARSE_ERROR
"Mr. Harper, can you comment in French and English, please?","Thank you. We are responding to congressional law. And I—let me reinterpret your—is your question, is there flexibility in the law, basically? Yes, I ",Ambivalent,Ambivalent,Partial/half-answer,Deflection
How do you see the situation with the Iranian nuclear issue as of now?,"——progress, because Russia and the United States agree that should not have a nuclear weapon. In other words, the ians need to understand that we're s",Clear Reply,Clear Reply,Explicit,Explicit
Are the individuals satisfied with the assurances given on the tribal deal?,"Well, first of all, I appreciate the briefing on the tribal deal. When the President looks me in the eye and says, The tribal deal is intended to reje",Clear Reply,UNKNOWN,Explicit,PARSE_ERROR
What remains to be done?,"Yes, thanks. You know, I went to New Orleans, in Jackson Square, and made a commitment that we would help the people there recover. I also want the pe",Ambivalent,Clear Reply,Dodging,Explicit
What did you mean by 'Third Awakening'?,"No, I said—Mike, thanks. I was just speculating that the culture might be changing, and I was talking about when you're involved with making decisions",Clear Reply,UNKNOWN,Explicit,PARSE_ERROR
 Asking about the President's feelings towards war rhetoric and going to war with Iraq.,"I don't regret it at all. Removing Saddam Hussein made the world a safer place. And yes, I told the guy— the guy said, Now what could you do over? Fir",Clear Reply,Clear Reply,Explicit,Explicit
Opinion on the potential duration of the diplomacy process,"You know, I don't know. I certainly want to solve this problem diplomatically, and I believe the best chance to do so is for there to be more than one",Clear Non-Reply,UNKNOWN,Claims ignorance,PARSE_ERROR
Reappointment of U.S. Attorney Patrick Fitzgerald,As a special prosecutor?,Clear Non-Reply,UNKNOWN,Clarification,PARSE_ERROR
Do you stand by this choice?,I believe that Plan B ought to be—ought to require a prescription for minors; that's what I believe. And I support Andy's decision. The President.Than,Clear Reply,UNKNOWN,Explicit,PARSE_ERROR
Are you considering a plan to cut corporate taxes?,"Actually, we had an interesting discussion on this subject. And if you read carefully the penetrating reporter by the financial reporter—kind of, like",Ambivalent,UNKNOWN,Implicit,PARSE_ERROR
What do you think about Senator McCain's statement that your plan will put U.S. troops at risk?,This debate is occurring because of the Supreme Court's ruling that said that we must conduct ourselves under the Common Article 3 of the Geneva Conve,Ambivalent,UNKNOWN,Dodging,PARSE_ERROR
What are we to expect in the future regarding the Iranian nuclear issue?,"——progress, because Russia and the United States agree that should not have a nuclear weapon. In other words, the ians need to understand that we're s",Clear Reply,Clear Reply,Explicit,Explicit
"If it's not time yet, what is the threshold?","Well, it seems like it's pretty easy to speculate from over here about the conditions on the ground. And so what I do is I talk to people like our Amb",Ambivalent,Ambivalent,General,Implicit
Do you believe that the previous administration sanctioned torture?,"What I've said, and I will repeat, is that waterboarding violates our ideals and our values. I do believe that it is torture. I don't think that's jus",Ambivalent,Clear Reply,General,Explicit
Why not call for an emergency energy summit and lift the issue to a higher priority?,"Well, I thought addressing the issue at the State of the Union was pretty much lifting it to a high priority. When you include it in the State of the ",Ambivalent,UNKNOWN,General,PARSE_ERROR
Why would the international force not include U.S. troops?,"No, I think, first of all, there has been a history in Lebanon with U.S.troops. Secondly, I have said that if the international force would like some ",Clear Reply,UNKNOWN,Explicit,PARSE_ERROR
Can't you be accused of hyping this threat?,"David, I don't want to contradict an august reporter such as yourself, but I was made aware of the NIE last week. In August, I think it was, John McCo",Ambivalent,UNKNOWN,Implicit,PARSE_ERROR
Asking about what has happened to America's clout in the region and why the actions and words of the President are being ignored.,"David, it's an interesting period because instead of having foreign policies based upon trying to create a sense of stability, we have a foreign polic",Ambivalent,Ambivalent,Implicit,General
Has the U.S. reached out to Grand Ayatollah Ali al-Sistani?,"Well, I haven't made up my mind yet about more troops. I'm listening to our commanders; I'm listening to the Joint Chiefs, of course; I'm listening to",Ambivalent,UNKNOWN,Dodging,PARSE_ERROR
"Can you now tell us, where was it headed?","I still can't give you any better answer than yesterday. I can embellish yesterday's answer. It may sound better. No, I—really, I haven't talked to th",Clear Non-Reply,UNKNOWN,Claims ignorance,PARSE_ERROR
Why does the asker request Israel to accept United Nations resolutions related to the Palestinian problem in order to facilitate a solution and end the occupation?,"Yes, actually, I'm asking Israel to negotiate in good faith with an elected leader of the Palestinian Territory to come up with a permanent solution t",Ambivalent,Ambivalent,General,Implicit
Concern about triggering a wider Middle East war,"As I mentioned, my biggest concern is whether or not actions taken will weaken the Siniora Government. Democracy in Lebanon is an important part of la",Ambivalent,Ambivalent,Deflection,Implicit
 Do you think it's working now the way it's going?,"It is absolutely working. We come across difficulties as we are moving forward, and that's bound to happen. And we get over those difficulties, we res",Clear Reply,Ambivalent,Explicit,General
"Mr. President, after 9/11, would the United States have actually attacked Pakistan if President Musharraf had not agreed to cooperate with the war on terrorism? He says that the United States was threatening to bomb his country back into the Stone Age.","First, let me—she's asking about the Armitage thing. The first I've heard of this was when I read it in the newspaper today. You know, I was—I guess I",Clear Non-Reply,UNKNOWN,Claims ignorance,PARSE_ERROR
Blame for a government shutdown,"Well, ultimately, Congress makes the decisions about whether or not we spend money and whether or not we keep this Government open. And if the Republi",Clear Reply,Ambivalent,Explicit,General
 Is there anything you wish you would have done differently with regard to Iraq?,"Speaking about books, somebody ought to add up the number of pages that have been written about my administration. There's a lot of books out there. A",Clear Reply,UNKNOWN,Explicit,PARSE_ERROR
The potential complications in keeping pressure on Iran's sanctions at the United Nations,The problem that most of the world has seen in stems from the fact that they hid their program. That's what the NIE says. The '68 agreement that signe,Ambivalent,UNKNOWN,Deflection,PARSE_ERROR
Or have you and Musharraf worked out some deal about this already?,"I am confident that with actionable intelligence, we will be able to bring top Al Qaida to justice. We're in constant communications with the Pakistan",Ambivalent,UNKNOWN,Dodging,PARSE_ERROR
"What other areas do you believe you're building a record of transformation in, apart from Iraq, that you hope will last the ages?","Well, one is to set priorities. That's what I've just done, setting a priority. My message is: We can work together. And here are some key areas where",Clear Reply,Ambivalent,Explicit,General
"Can you comment about your concerns that come out of it at all, about for the region?","No. Saying I'm not going to comment on the matter means I'm not going to comment on the matter. You're welcome to ask another question, if you'd like ",Clear Non-Reply,UNKNOWN,Declining to answer,PARSE_ERROR
"And what do you say to Americans who are frustrated by the familiar roadblocks, it seems, of China and Russia on harsh sanctions?",I said I wasn't going to answer a hypothetical; now you're trying to get me to answer a hypothetical. The G-8 will be an opportunity for those of us i,Ambivalent,UNKNOWN,General,PARSE_ERROR
How will you go about persuading the Russians and the Chinese to back those moves if you make them?,Nontransparent societies run by Governments that aren't selected by the people are—very difficult to tell what's going on. That's part of the problem.,Ambivalent,Clear Reply,Implicit,Explicit
"Mr. President, your joint statement on missile defense is still far short of a deal for Russian support or even acquiescence on this project. Isn't this just a matter of kicking the can down the road, in the twilight of both of your terms, to a new U.S. administration that may or may not even support it?","I think I just explained how far we have come on this issue. This is a concept that I talked to Vladimir about a while ago, and we have come a long wa",Clear Reply,UNKNOWN,Explicit,PARSE_ERROR
"What do you say to the argument that your proposal is basically seeking support for torture, coerced evidence, and secret hearings?",This debate is occurring because of the Supreme Court's ruling that said that we must conduct ourselves under the Common Article 3 of the Geneva Conve,Ambivalent,UNKNOWN,Deflection,PARSE_ERROR
"What kind of punishment would you like to see imposed on North Korea, short of some sort of condemnation from the U.N. Security Council",Okay.,Ambivalent,UNKNOWN,Dodging,PARSE_ERROR
"And if it's approved, when will we see a cessation of violence?","I'll let Condi talk about the details of what she's going to do today, if you care to hear from her. But we will work with our partners to get the res",Ambivalent,UNKNOWN,General,PARSE_ERROR
Disappointment with Iraq's unity Government's progress in bringing together sectarian and ethnic groups.,No. I am aware that extremists and terrorists are doing everything they can to prevent 's democracy from growing stronger. That's what I'm aware of. A,Clear Reply,UNKNOWN,Explicit,PARSE_ERROR
 Willingness to take action in order to prevent a similar outcome as in 1992.,"I'm concerned about the economy because I'm concerned about working Americans, concerned about people who want to put money on the table and save for ",Clear Reply,UNKNOWN,Explicit,PARSE_ERROR
What will be your top concern when you meet with Musharraf later this week?,"I am confident that with actionable intelligence, we will be able to bring top Al Qaida to justice. We're in constant communications with the Pakistan",Ambivalent,UNKNOWN,General,PARSE_ERROR
Risk of wider war due to growing support for Hizballah,Her instructions are to work with Israel and Lebanon to get a— to come up with an acceptable U.N. Security Council resolution that we can table next w,Ambivalent,Ambivalent,Dodging,General
"How close are we to a stock exchange crash, and what measures have you taken so that it does not affect the real economy?","Well, to answer the first question, there's the financial problem, which is quite delicate in several markets. What I can tell you in relation to the ",Ambivalent,UNKNOWN,General,PARSE_ERROR
"Why did you keep saying that there was a relationship between Saddam Hussein, Zarqawi, and Al Qaida despite the report stating there was no link?",The point I was making to Ken Herman's [Austin American-Statesman] question was that was a state sponsor of terror and that Mr. Zarqawi was in Iraq. H,Ambivalent,UNKNOWN,Dodging,PARSE_ERROR
Do you believe America's corporations are not making enough money these days?,"Actually, we had an interesting discussion on this subject. And if you read carefully the penetrating reporter by the financial reporter—kind of, like",Ambivalent,UNKNOWN,Dodging,PARSE_ERROR
Current condition of Fidel Castro,"First of all, Cuba is not a very transparent society, so the only thing I know is what has been speculated. And that is that, on the one hand, he's ve",Clear Non-Reply,Clear Non-Reply,Claims ignorance,Claims ignorance
Is your willingness to work with Congress now an acknowledgment that that is a fact?,"First of all, I strongly believe that the district court ruling on the terrorist surveillance program was flawed. And there's a court process to deter",Ambivalent,UNKNOWN,Implicit,PARSE_ERROR
"Based on the visit to the United States and the discussions with President Bush regarding cotton subsidies, have things evolved since then?","I must confess that when we started these discussions, we on purpose did not talk about this, because the President asked us, What is your country ail",Ambivalent,UNKNOWN,General,PARSE_ERROR
Are you prepared now to just take the possibility of one-on-one talks with North Korea off the table?,"I'm saying as loud as I can and as clear as I can that there is a better way forward for North Korea, and that we will work within the context of the ",Ambivalent,Ambivalent,Implicit,Deflection
Do you like them?,They may be a little too fancy for you.,Ambivalent,UNKNOWN,Dodging,PARSE_ERROR
"Even after hearing that one of the major conclusions of the National Intelligence Estimate in April was that the Iraq war has fueled terror growth around the world, why have you continued to say that the Iraq war has made this country safer?","Do you want to start? Go ahead, please. [] I, of course, read the key judgments on the NIE. I agree with their conclusion that because of our successe",Clear Reply,UNKNOWN,Explicit,PARSE_ERROR
Change in assessment of Mayor Daley's tenure based on the conviction of one of his former officials for rigging city jobs to benefit the mayor's political workers,"I still think he's a great mayor. This is a well-run city, and he gets a lot of credit for it. He doesn't get sole credit, but he gets a lot of credit",Ambivalent,Clear Reply,Implicit,Explicit
Or do you feel that he has traveled too far and too fast?,"Well, on your second question, Mr. McKinnon, we have proceeded through all the processes required under our extradition agreements. It is now in the h",Ambivalent,UNKNOWN,General,PARSE_ERROR
What is your plan for either changing your role or keeping control of the agenda at a time when Democrats have both Houses on the Hill and when the '08 candidates are doing their thing?,"Well, one is to set priorities. That's what I've just done, setting a priority. My message is: We can work together. And here are some key areas where",Ambivalent,Ambivalent,General,General
What led you to that conclusion?,"No, I said—Mike, thanks. I was just speculating that the culture might be changing, and I was talking about when you're involved with making decisions",Clear Reply,UNKNOWN,Explicit,PARSE_ERROR
Do you agree with the Republican leader in the House that Democrats are more interested in protecting terrorists than protecting the American people?,"I wouldn't have exactly put it that way. But I do believe there's a difference of attitude. I mean, take the PATRIOT Act, for example—an interesting d",Ambivalent,UNKNOWN,Implicit,PARSE_ERROR
Have you spoken directly with Prime Ministers Olmert and Siniora?,"Because Condi is handling those conversations, and she's doing a fine job of doing so.Yes.",Ambivalent,UNKNOWN,Implicit,PARSE_ERROR
Do you want Israel to win the war on terror rather than stopping it?,"Look, we care deeply about the people whose lives have been affected in Lebanon, just like we care deeply about the people whose lives have been affec",Ambivalent,UNKNOWN,Dodging,PARSE_ERROR
Whether the President considers the report credible,"No, I don't consider it a credible report; neither does General Casey and neither do Iraqi officials. I do know that a lot of innocent people have die",Clear Reply,Clear Reply,Explicit,Explicit
"Are you committed to building the 700 miles of fence, actual fencing?","Yes, we're going to do both, Joe. We're just going to make sure that we build it in a spot where it works. I don't—DHS said they want a virtual wall. ",Clear Reply,UNKNOWN,Explicit,PARSE_ERROR
Participants of the multinational force,"In terms of the troops, that's what the meeting Monday is going to be about. And this is one of these issues that requires international consensus. Pe",Ambivalent,UNKNOWN,General,PARSE_ERROR
Did you cross the t's and dot the i's in your discussion with President Bush regarding the security needs?,"——a lot of time talking about security, and I can understand why. Because there's—there are people who are willing to destroy innocent life to achieve",Clear Reply,Clear Non-Reply,Explicit,Clarification
Can you explain why this approach was not taken a couple of weeks ago when it is being considered now?,"Sure. Because, first of all, the international community hadn't come together on a concept of how to address the root cause of the problem, Jim.Part o",Clear Reply,UNKNOWN,Explicit,PARSE_ERROR
Do you feel in some way that there is some shift going on in terms of the general support for your strategy specifically?,"[] Jim, I understand how hard it is, and I also understand the stakes. And let me go back to Senator Warner. Senator Warner said, If the plan isn't wo",Ambivalent,UNKNOWN,Implicit,PARSE_ERROR
"Mr. President, are you disappointed that the Israelis and the Palestinians haven't made more specific progress since Annapolis?",Step one of any complicated process that is going to require a lot of hard work and serious dialogue is whether the mindset is right. It's one thing f,Ambivalent,UNKNOWN,Implicit,PARSE_ERROR
The person's view on breaking an oath for a truce,"Yes, thank you. I like to remind people about how this started, how this whole—how the damage to innocent life, which bothers me—but again, what cause",Ambivalent,UNKNOWN,Dodging,PARSE_ERROR
"What do you see as the biggest mistakes in the management of the war, and what do you propose to do to correct them?","David Petraeus, the general on the ground, will be bringing his recommendations back to the Congress on or about September the 15th. And I think it's ",Ambivalent,Ambivalent,General,Dodging
Do you think the decision by your G-20 counterparts here to endorse stiff deficit reduction goals is a repudiation of your view that cutting deficits too quickly and too fast would hinder the global economic recovery?,Okay.,Ambivalent,UNKNOWN,Dodging,PARSE_ERROR
How do you respond to his charges?,"You know, look, Caren, I've watched all this finger-pointing and naming of names and all that stuff. Our objective is to secure the country. And we've",Ambivalent,Ambivalent,General,Dodging
What about military options against North Korea once diplomacy and the timetable have been exhausted?,"Well, diplomacy hasn't run its course. That's what I'm trying to explain to you a la the Sanger question. And we'll continue working to make sure that",Ambivalent,UNKNOWN,Deflection,PARSE_ERROR
expectations for the families of the Illinois National Guardsmen who have left for Iraq,"They expect that their loved one will be participating in a noble and important cause. If I didn't think it was important, I wouldn't have put out the",Clear Reply,UNKNOWN,Explicit,PARSE_ERROR
"Do you demand that the peacekeeping force, if and when it gets up and running, disarm Hizballah?","The truth of the matter is, if 1559, that's the United Nations Security Council resolution number, had been fully implemented, we wouldn't be in the s",Ambivalent,Ambivalent,Implicit,Implicit
What is the President's level of concern about protectionism in general?,"My reaction is, is that we have a reform process in place that will be able to deal with this issue. In other words, we're going to take a good look a",Ambivalent,UNKNOWN,General,PARSE_ERROR
What do you say to both the American people and the international community regarding the recent actions of North Korea?,"No, I appreciate that, and I think it's very important for the American people and North Korea to understand that that statement still stands, and tha",Ambivalent,Clear Reply,Implicit,Explicit
"On the NATO allies, do you believe that they're avoiding the fight, or at least some of them are?","Well, I would like to praise the Brits, the Canadians, the Dutch, the Danes, and other countries for their contribution—the Aussies—for their contribu",Ambivalent,Ambivalent,Deflection,General
Has the scandal damaged Hastert's credibility and effectiveness in maintaining party control in the midterm elections?,"No, I think the Speaker's strong statements have made it clear to not only the party members but to the country that he wants to find out the facts. A",Ambivalent,Clear Reply,General,Explicit
Performance of Ben Bernanke,I'm not going to make news about Ben Bernanke--[]--although I think he has done a fine job under very difficult circumstances.I would say that all fin,Clear Reply,Clear Non-Reply,Explicit,Claims ignorance
Are you willing to speak to President Asad to end the crisis in Lebanon?,"No, it wasn't coordinated with me, and my patience ran out on President Asad a long time ago. And the reason why is, is because he houses Hamas; he fa",Ambivalent,UNKNOWN,Implicit,PARSE_ERROR
Inquiring about the results of the talks,"We sure have. We talked about our concerns about developing a nuclear weapon or having the capacity to make a nuclear weapon, and we talked about Nort",Clear Reply,Ambivalent,Explicit,General
 Do Americans and the rest of the world wonder if the strategy being followed is flawed based on Colin Powell's statement?,"If there's any comparison between the compassion and decency of the American people and the terrorist tactics of extremists, it's flawed logic. I simp",Ambivalent,Clear Reply,Deflection,Explicit
 Has it made it more complicated in your mind?,"I think it offers an opportunity as well as a challenge. I think the opportunity is that when you have the kinds of people who were in Tahrir Square, ",Ambivalent,UNKNOWN,Implicit,PARSE_ERROR
 Concerns about the U.S. policy leading to a flood of hot money in the Korean economy.,"I think that kind of question should be asked to me when President Obama is not standing right next to me. []No, we get asked a very similar question.",Clear Reply,UNKNOWN,Explicit,PARSE_ERROR
Assessment of the job performance,"I don't have any plans to reappoint him because I haven't thought about it. I will now think about it, now that you brought it up.The only—I can give ",Clear Reply,UNKNOWN,Explicit,PARSE_ERROR
Discussing proliferation of weapons of mass destruction and missile delivery,"We sure have. We talked about our concerns about developing a nuclear weapon or having the capacity to make a nuclear weapon, and we talked about Nort",Clear Reply,Ambivalent,Explicit,General
Would you campaign for Mike Fitzpatrick?,I already have.,Clear Reply,Clear Reply,Explicit,Explicit
Are you worried that the steps European leaders are taking are too incremental so far?,"With respect to Europe, I'm deeply concerned, have been deeply concerned, I suspect we'll be deeply concerned tomorrow and next week and the week afte",Ambivalent,UNKNOWN,Implicit,PARSE_ERROR
Can the Prime Minister respond in both French and English?,"Anyway, thanks for the belt buckle in advance. [] No problem at all. Looking forward to getting it. Figure if you're going to be 60, you should get so",Ambivalent,UNKNOWN,Implicit,PARSE_ERROR
President's opinion on the Republican candidates defending waterboarding practice at the Republican debate.,"That's a multiple-choice question, isn't it? [] Let me just say this: They're wrong. Waterboarding is torture. It's contrary to America's traditions. ",Clear Reply,Clear Reply,Explicit,Explicit
Does the administration and our Government run a risk of looking feckless to the world by issuing these kinds of warnings regularly without response from the countries?,"That's a fair question. First of all, I am making it clear our policy hasn't changed. It's important for the folks to understand that we don't continu",Ambivalent,Ambivalent,Implicit,Dodging
Is your policy consistent between the way you have dealt with Iraq and the way you have dealt with North Korea?,I have always said that it's important for an American President to exhaust all diplomatic avenues before the use of force. Committing our troops into,Ambivalent,Ambivalent,General,General
"If so, is this Nation able to sustain military action on three fronts: Iraq, Afghanistan, and North Korea?",I have always said that it's important for an American President to exhaust all diplomatic avenues before the use of force. Committing our troops into,Ambivalent,Ambivalent,Dodging,General
"Can we go back to North Korea, Mr. President?",Please.,Clear Reply,UNKNOWN,Explicit,PARSE_ERROR
What is the minimum expectation from you that you will call this conference a success?,"Right. Well, that's why Condi is making the trip she's making, is to explain to people in private, as well as in public, that, one, we're for comprehe",Ambivalent,UNKNOWN,Dodging,PARSE_ERROR
"What is the President's intention regarding American troop levels, considering his previous statements and remarks?","Surely not cute, I agree. [] Whatever you do, don't cause me—call me cute, okay?",Ambivalent,UNKNOWN,Deflection,PARSE_ERROR
Do you consider yourself to be stingy when it comes to pardons?,"You know, I don't have the criterion in front of me, Mark, but we have a strict criterion that we utilize—we being the Justice Department and the Whit",Ambivalent,UNKNOWN,General,PARSE_ERROR
General Abizaid said that the danger that Iraq is facing is the religious danger. Do you agree with his assessment? And do you see that—is there any security plan that can really curb the religious violence?,"No, I don't see a contradiction in us honoring commitments we made prior to Hizballah attacks into Israeli territory. And I—like the Prime Minister, I",Clear Reply,UNKNOWN,Explicit,PARSE_ERROR
Dealing with dangerous suspects,Thank you for the question on a court ruling that literally came out in the midst of my meeting with the Prime Minister—and so I haven't had a chance ,Ambivalent,Clear Non-Reply,General,Claims ignorance
Why not talk to Syria and Iran directly about this crisis and have a back-and-forth conversation?,"Yes, that's an interesting question. I've been reading about that, that people have been posing that question. We have been in touch with Syria. Colin",Ambivalent,UNKNOWN,Implicit,PARSE_ERROR
Why shouldn't we see the cease-fire as one that essentially is falling apart?,"Yes. No, listen—all the more reason why we need to help our friends and allies get the forces necessary to help the Lebanese forces keep the cessation",Ambivalent,UNKNOWN,General,PARSE_ERROR
Don't you worry that that undermines U.S. credibility?,"David, I don't want to contradict an august reporter such as yourself, but I was made aware of the NIE last week. In August, I think it was, John McCo",Ambivalent,Ambivalent,Deflection,Implicit
"In light of the recent political tumult in Greece causing Americans to lose what they had gained back in their 401(k)s, are you confident that the bailout plan will actually happen and if so, will it work?","Well, first of all, if you're talking about the movements of the U.S. stock market, the stock market was down when I first took office and the first f",Clear Reply,Ambivalent,Explicit,Implicit
Does the tension between two allies undermine the efforts of getting bin Laden?,"No. No, it doesn't. It's in President Karzai's interest to see bin Laden brought to justice. It is in President Musharraf's interest to see bin Laden ",Clear Reply,Ambivalent,Explicit,Implicit
"Why do you think it's a bad idea to send more resources to hunt down bin Laden, wherever he is?","We are, Richard. Thank you. Thanks for asking the question. They were asking me about somebody's report, well, Special Forces here—Pakistan—if he is i",Clear Reply,UNKNOWN,Explicit,PARSE_ERROR
Is it fair to portray the war on terror as either being fully supported by certain individuals or being supported by no one at all?,"Well, I think it's fair to use the words of the people in Congress or their votes. The vote was on the Hamdan legislation: Do you want to continue a p",Ambivalent,UNKNOWN,General,PARSE_ERROR
"Is it now past the deadline, or do they still have more time to respond?",I thought you were going to ask me about the pig.,Ambivalent,Ambivalent,Dodging,Dodging
Can we hold you to that?,"Coming back to the bosom of the White House. [] I'm looking forward to hugging you when you come back, everybody. When are you coming back?",Ambivalent,UNKNOWN,Dodging,PARSE_ERROR
 Assessing the cooperation between the two Presidents: Have there been more pluses or minuses?,"Okay, I will start answering. Has it become better, or has it become worse? We always want to have more of a good thing, and we shouldn't forget that ",Ambivalent,Ambivalent,Implicit,General
What kind of threat do you think North Korea poses to world peace right now?,Nontransparent societies run by Governments that aren't selected by the people are—very difficult to tell what's going on. That's part of the problem.,Ambivalent,UNKNOWN,Dodging,PARSE_ERROR
Time to start talking about Iraq as being in a civil war?,"Well, it seems like it's pretty easy to speculate from over here about the conditions on the ground. And so what I do is I talk to people like our Amb",Clear Reply,Ambivalent,Explicit,Implicit
 Leadership of the multinational force,"In terms of the troops, that's what the meeting Monday is going to be about. And this is one of these issues that requires international consensus. Pe",Ambivalent,UNKNOWN,Dodging,PARSE_ERROR
How do you punish or penalize a country that's already among the poorest and most isolated in the world?,I think that the purpose of the U.N. Security Council resolution is to send a clear message to the leader of that the world condemns that which he did,Ambivalent,Ambivalent,General,Deflection
"What are your thoughts on Chinese officials saying that you need to get involved in the six-party talks and stop dealing with the issue of money laundering, and instead focus on the real issue of ballistic missiles?","Well, counterfeiting U.S. dollars is an issue that every President ought to be concerned about. And when you catch people counterfeiting your money, y",Clear Reply,Ambivalent,Explicit,Deflection
Did you discuss what you could move on—in North Korea to move it forward?,We strategized on both issues. But this isn't the first time that we've talked together to—on how to solve problems. You might remember that Russia pr,Ambivalent,UNKNOWN,Implicit,PARSE_ERROR
 Do you think that Turkey has the legitimate right to stage a cross-country offensive—cross-border offensive?,I've talked to Ambassador Crocker and General Petraeus about this issue this morning. We are making it very clear to Turkey that we don't think it is ,Ambivalent,UNKNOWN,Deflection,PARSE_ERROR
What if they say deeper spending cuts before you consider tax hikes?,"Well, I think it just depends on what exactly you're talking about. And I think that there should be a full, open debate with the American people: Are",Ambivalent,UNKNOWN,General,PARSE_ERROR
Was President Karzai able to convince the person in their meetings that Iran was playing a helpful role in Afghanistan?,"Let me comment on the civilian casualties, if I might. First, I fully understand the angst, the agony, and the sorrow that Afghan citizens feel when a",Ambivalent,UNKNOWN,Implicit,PARSE_ERROR
Concern about criticism and questions related to the handling of a terrorist suspect,"You know, you're trying to get me to prejudge the outcome of this inquiry. And let's wait and see what happens. Let's wait and see what the facts are.",Ambivalent,UNKNOWN,General,PARSE_ERROR
 Is the issue of cotton still a sensitive issue in Benin?,"I must confess that when we started these discussions, we on purpose did not talk about this, because the President asked us, What is your country ail",Ambivalent,UNKNOWN,Implicit,PARSE_ERROR
Whether Hizballah's agreement should be a precondition for setting up the force,"In terms of the troops, that's what the meeting Monday is going to be about. And this is one of these issues that requires international consensus. Pe",Ambivalent,UNKNOWN,Dodging,PARSE_ERROR
"Are you prepared today to agree with Prime Minister Blair and acknowledge that you have had the same expectations, which were wrong?","Actually, I think—I can't remember his answer; I'm sure you've characterized it perfectly. My attitude is that a young democracy has been born quite q",Ambivalent,UNKNOWN,Implicit,PARSE_ERROR
"And, President Musharraf, would Pakistan have given up its backing of the Taliban if this threat had not come from Armitage?","First, let me—she's asking about the Armitage thing. The first I've heard of this was when I read it in the newspaper today. You know, I was—I guess I",Clear Non-Reply,UNKNOWN,Declining to answer,PARSE_ERROR
Confidence in Republicans holding the House and the Senate?,"Yes, I am.",Clear Reply,Clear Reply,Explicit,Explicit
Permission to go inside Pakistan,"All I can tell you is, is that when Usama bin Laden is found, he will be brought to justice. And that's what we've continually discussed. May I add? Y",Ambivalent,Ambivalent,Deflection,Dodging
Did you support it?,I'm not going to comment on the matter.,Clear Non-Reply,Clear Non-Reply,Declining to answer,Declining to answer
Do you feel like you have been an effective leader when it comes to the economy?,"Well, first of all, wherever Republicans indicate an interest in doing things that would actually grow the economy, I'm right there with them. So they",Ambivalent,Ambivalent,Implicit,Implicit
 Why would this be a good idea or not?,"No, I appreciate you trying to drag me in the '08 race. And this is the first attempt to do so, and I can understand why you would want to do that.I w",Clear Non-Reply,UNKNOWN,Declining to answer,PARSE_ERROR
Is your administration to blame for letting North Korea get this far?,"North Korea has been trying to acquire bombs and weapons for a long period of time, long before I came into office. And it's a threat that we've got t",Ambivalent,UNKNOWN,Implicit,PARSE_ERROR
Are people who are saying that we're moving forward to a full war wrong?,"Deb, there's all kinds of speculation about what may be or not happening. What you're seeing on TV has started last February. It was an attempt by peo",Ambivalent,UNKNOWN,General,PARSE_ERROR
 Do you trust or believe that the opposition will accept your invitation for a dialog?,"Well, to answer the first question, there's the financial problem, which is quite delicate in several markets. What I can tell you in relation to the ",Clear Reply,Ambivalent,Explicit,Dodging
Do you feel in some way that there is some shift going on in terms of the general support for the war in Iraq?,"[] Jim, I understand how hard it is, and I also understand the stakes. And let me go back to Senator Warner. Senator Warner said, If the plan isn't wo",Ambivalent,UNKNOWN,Implicit,PARSE_ERROR
. Obstacle to reaching agreement on the KORUS FTA issue,"The talks will continue. The talks, like I said, will continue between Korea and the United States. And as you know, my Trade Minister as well as the ",Clear Reply,UNKNOWN,Explicit,PARSE_ERROR
Should Fannie Mae and Freddie Mac be allowed to buy mortgages beyond their current limits or play any additional role that could help revive mortgage finance?,"As you know, we put up a robust reform package for these two institutions, a reform package that will cause them to focus on their core mission, first",Ambivalent,UNKNOWN,Dodging,PARSE_ERROR
How important is a competitive dollar in keeping U.S. exports strong and growing?,"We believe in a strong dollar policy, and we believe that—and I believe that our economy has got the fundamentals in place for us to be a—is to grow a",Ambivalent,UNKNOWN,General,PARSE_ERROR
"Are you frustrated, sir?",Frustrated? Sometimes I'm frustrated—rarely surprised. Sometimes I'm happy. This is—but war is not a time of joy. These aren't joyous times. These are,Ambivalent,UNKNOWN,General,PARSE_ERROR
\n2. Do you believe that the biggest drag on the Republican Party is the situation in Iraq?,"I believe that the situation in Iraq is, no question, tough on the American psyche, like I said, I think, at this very spot last time I faced the pres",Ambivalent,UNKNOWN,General,PARSE_ERROR
"Specifically, what has your administration done in the past year to help the folks down there?","Yes, thanks. You know, I went to New Orleans, in Jackson Square, and made a commitment that we would help the people there recover. I also want the pe",Clear Reply,Clear Reply,Explicit,Explicit
Do you agree with the Prime Minister's supporters that he led the way on the issue?,"Well, on your second question, Mr. McKinnon, we have proceeded through all the processes required under our extradition agreements. It is now in the h",Ambivalent,UNKNOWN,General,PARSE_ERROR
Influence of U.S.-Russian relationship on world politics: How has this relationship affected world politics?,"Okay, I will start answering. Has it become better, or has it become worse? We always want to have more of a good thing, and we shouldn't forget that ",Ambivalent,Ambivalent,Implicit,General
Is it because the military is already overtasked?,"No, I think, first of all, there has been a history in Lebanon with U.S.troops. Secondly, I have said that if the international force would like some ",Ambivalent,UNKNOWN,Implicit,PARSE_ERROR
"If you had actionable intelligence about the whereabouts of top Al Qaida leaders in Pakistan, would you wait for Musharraf's permission to send in U.S. forces, even if it meant missing an opportunity to take them out?","I am confident that with actionable intelligence, we will be able to bring top Al Qaida to justice. We're in constant communications with the Pakistan",Ambivalent,UNKNOWN,Deflection,PARSE_ERROR
Are we headed toward a military action in North Korea?,I have always said that it's important for an American President to exhaust all diplomatic avenues before the use of force. Committing our troops into,Ambivalent,Clear Non-Reply,Dodging,Clarification
Do you think that the statement made by the Republican leader in the House is the right tone to set for the upcoming campaign?,"I wouldn't have exactly put it that way. But I do believe there's a difference of attitude. I mean, take the PATRIOT Act, for example—an interesting d",Ambivalent,UNKNOWN,Implicit,PARSE_ERROR
Government shutdown threat,"Well, ultimately, Congress makes the decisions about whether or not we spend money and whether or not we keep this Government open. And if the Republi",Ambivalent,Ambivalent,Implicit,General
"Is that a make-or-break issue for you, in terms of domestic politics?",I already have.,Ambivalent,Clear Reply,Dodging,Explicit
Clarification on whether the NIE (National Intelligence Estimate) will result in a change in U.S. policy towards Iran or a shift in focus.,"I'm saying that I believed before the NIE that was dangerous, and I believe after the NIE that is dangerous. And I believe now is the time for the wor",Ambivalent,Clear Reply,Implicit,Explicit
"Will Secretary Rice be reaching out to Berri, as she had spoken with him before?","Whatever happens in the U.N., we must not create a vacuum into which Hizballah and its sponsors are able to move more weapons. Sometimes the world lik",Ambivalent,Ambivalent,General,Dodging
Will the U.N. Security Council move quickly on sanctions if Iran does not stop or suspend its enrichment program?,"I certainly hope so. In order for the U.N. to be effective, there must be consequences if people thumb their nose at the United Nations Security Counc",Ambivalent,UNKNOWN,Implicit,PARSE_ERROR
What kind of cooperation do you think is possible between Japan and the United States to resolve the missile issue related to the North Koreans launching Taepodong-2?,"Do you want to go? Yes, please. The ns—I believe, in the first place, we need to try and approach the ns not to launch Taepodong-2, through various ef",Ambivalent,UNKNOWN,General,PARSE_ERROR
Do you want the United Nations to impose sanctions on North Korea?,Nontransparent societies run by Governments that aren't selected by the people are—very difficult to tell what's going on. That's part of the problem.,Ambivalent,UNKNOWN,Dodging,PARSE_ERROR
Will it happen in the next months?,"Sometime next year, I would say.",Ambivalent,UNKNOWN,Implicit,PARSE_ERROR
What would you say to the people attracted to it?,"Obviously, I've heard of it. I've seen it on television. I think it expresses the frustrations that the American people feel, that we had the biggest ",Ambivalent,Clear Non-Reply,General,Claims ignorance
"How would you react to a scenario where a CIA officer, paramilitary or special operations soldier from the United States is captured in Iran or North Korea, interrogated in accordance with their interpretation of the Geneva Conventions, put on trial, and convicted based on secret evidence that they were not able to see?","David, my reaction is, is that if the nations such as those you named, adopted the standards within the detainee detention act, the world would be bet",Ambivalent,Clear Non-Reply,Deflection,Clarification
And is it maybe time for you to apply some of that direct pressure you referred to earlier?,Step one of any complicated process that is going to require a lot of hard work and serious dialogue is whether the mindset is right. It's one thing f,Ambivalent,UNKNOWN,Implicit,PARSE_ERROR
Concern about the attack on Beirut Airport,"As I mentioned, my biggest concern is whether or not actions taken will weaken the Siniora Government. Democracy in Lebanon is an important part of la",Ambivalent,Ambivalent,Deflection,General
"Is the administration at this time trying to play it both ways by appeasing the critics, suggesting that troop withdrawal is right around the corner, at the same time making no real commitments?","Suzanne, I think I went on to say on Air Force One, if I recall, somewhere between Baghdad and Sydney, that, why don't we all just wait and see what D",Ambivalent,UNKNOWN,General,PARSE_ERROR
"How can you say your policy is more successful, given that North Korea has apparently tested a nuclear weapon?","My point was, bilateral negotiations didn't work. I appreciate the efforts of previous administrations. It just didn't work. And therefore, I thought ",Ambivalent,Clear Reply,General,Explicit
"Is the Vladimir Putin who said, The United States is undermining global security and provoking a new arms race, the same Vladimir Putin whose soul you looked into and found to be trustworthy? ",I think the person who I was referring to in 2001 is the same strong-willed person. He is a person with whom I have had agreements and disagreements t,Clear Reply,UNKNOWN,Explicit,PARSE_ERROR
Regret for not acting differently in light of the long history of deception.,"I used the moment to continue my desire to convince others to become equity partners in the Korean issue—North Korean issue, because, David, I obvious",Ambivalent,UNKNOWN,Dodging,PARSE_ERROR
" President Putin, what would it take for you to be convinced that such a system would not be a threat to Russian security?","I think I just explained how far we have come on this issue. This is a concept that I talked to Vladimir about a while ago, and we have come a long wa",Clear Reply,UNKNOWN,Explicit,PARSE_ERROR
"How would Russia respond if the U.S. went ahead with this anyway, as well as bringing Ukraine and Georgia into NATO?","I think I just explained how far we have come on this issue. This is a concept that I talked to Vladimir about a while ago, and we have come a long wa",Ambivalent,UNKNOWN,General,PARSE_ERROR
Did they discuss the schedule of further exchanges for the remaining part of the year?,"Okay, I will start answering. Has it become better, or has it become worse? We always want to have more of a good thing, and we shouldn't forget that ",Clear Reply,UNKNOWN,Explicit,PARSE_ERROR
As a moral leader though?,"I think I am a great moral leader, and I love our country.Go ahead, please.Bipartisanship//House Minority Leader Nancy Pelosi",Clear Reply,UNKNOWN,Explicit,PARSE_ERROR
" Do you still believe there is a relationship between Saddam Hussein, Zarqawi, and Al Qaida?",The point I was making to Ken Herman's [Austin American-Statesman] question was that was a state sponsor of terror and that Mr. Zarqawi was in Iraq. H,Ambivalent,UNKNOWN,Dodging,PARSE_ERROR
" Do you feel that he's looking at what's been offered to the Iranians by the world community in terms of incentives and saying, I'd like a little of that for myself?",It's hard for me to tell you what's on his mind. He lives in a very closed society. It's unlike our societies where we have press conferences and peop,Ambivalent,Clear Non-Reply,Dodging,Claims ignorance
 Concerns of Provoking North Korea to Higher Levels of Hostility,"Well, this is not simply a U.S. policy; this is a international policy. This was part of what the Security Council resolution calls for, is the interd",Ambivalent,UNKNOWN,General,PARSE_ERROR
Alignment of the President's perspective with the Defense Secretary's response,"I think he made it pretty clear the removal of Saddam—I don't know about this column, but I know his previous statements, he said getting rid of Sadda",Ambivalent,UNKNOWN,Implicit,PARSE_ERROR
"Mr. President, did you ask Canada to reconsider joining in the Ballistic Missile Defense Shield?","Anyway, thanks for the belt buckle in advance. [] No problem at all. Looking forward to getting it. Figure if you're going to be 60, you should get so",Clear Reply,Ambivalent,Explicit,Dodging
Concern about the impact of a sagging economy on John McCain's chances of winning the election.,"I'm concerned about the economy because I'm concerned about working Americans, concerned about people who want to put money on the table and save for ",Ambivalent,UNKNOWN,Deflection,PARSE_ERROR
Are U.S.-Russian relations deteriorating?,I think the person who I was referring to in 2001 is the same strong-willed person. He is a person with whom I have had agreements and disagreements t,Ambivalent,UNKNOWN,General,PARSE_ERROR
"How is it that you now find yourself in a situation where you have essentially an open rebellion on Capitol Hill led by some of the leading members of your own party, very respected voices in military affairs?","First, we have been working throughout the summer, talking to key players about getting a bill that will enable the program to go forward, and was ple",Ambivalent,UNKNOWN,General,PARSE_ERROR
How do you get a resolution that both sides will support?,Everyone wants the violence to stop. People understand that there needs to be a cessation of hostilities in order for us to address the root causes of,Ambivalent,Ambivalent,General,Implicit
"Prime Minister, do you still think it's wrong and not in Canada's interest to join the BMD?","Anyway, thanks for the belt buckle in advance. [] No problem at all. Looking forward to getting it. Figure if you're going to be 60, you should get so",Ambivalent,UNKNOWN,General,PARSE_ERROR
Putting off immigration reform until the new Congress,"Bob, I strongly believe that in order to protect this border, Congress has got to pass a comprehensive plan that on the one hand provides additional m",Ambivalent,Ambivalent,General,General
What is the President's reaction to the deal where the Government of Dubai would buy a share of the NASDAQ stock market?,"My reaction is, is that we have a reform process in place that will be able to deal with this issue. In other words, we're going to take a good look a",Clear Reply,Ambivalent,Explicit,General
What is the connection between Iraq and the topic being discussed?,What did have to do with what?,Clear Non-Reply,UNKNOWN,Clarification,PARSE_ERROR
Is it factually accurate that the administration had no meetings on bin Laden for 9 months after he left office?,"You know, look, Caren, I've watched all this finger-pointing and naming of names and all that stuff. Our objective is to secure the country. And we've",Ambivalent,Ambivalent,General,Dodging
What steps will you be doing in order to help Iraq to get out of chapter 7?,"Well, this is an area that Prime Minister Maliki emphasized, and we have made a strong commitment to work with Iraq to get out of the chapter 7 constr",Clear Reply,Ambivalent,Explicit,Implicit
The sufficiency of the Fed's half-point rate cut to stave off recession,"Roger, I do not comment on the decisions made by the Fed. I will comment on Ben Bernanke; I think he's doing a fine job. The White House and the Congr",Clear Non-Reply,UNKNOWN,Declining to answer,PARSE_ERROR
Willingness to rethink use of Presidential authority given criticisms and support for the Court,"I am willing to abide by the ruling of the Supreme Court. And the Supreme Court said that in this particular case, when it comes to dealing with illeg",Ambivalent,Clear Reply,Implicit,Explicit
Are you still pursuing him?,"Absolutely. No ands, ifs, or buts. And in my judgment, it's just a matter of time, unless we stop looking. And we're not going to stop looking so long",Clear Reply,Clear Reply,Explicit,Explicit
"And, President Putin, is Russia now willing, if necessary, to vote for sanctions in the United Nations to stop Iran's nuclear preparations?",We strategized on both issues. But this isn't the first time that we've talked together to—on how to solve problems. You might remember that Russia pr,Ambivalent,UNKNOWN,General,PARSE_ERROR
"Have you found a solution to the case of computer hacker Gary McKinnon, as discussed last year?","Well, on your second question, Mr. McKinnon, we have proceeded through all the processes required under our extradition agreements. It is now in the h",Ambivalent,UNKNOWN,General,PARSE_ERROR
Is it because there is a fear that the U.S. doesn't have credibility in the region?,"No, I think, first of all, there has been a history in Lebanon with U.S.troops. Secondly, I have said that if the international force would like some ",Ambivalent,UNKNOWN,Implicit,PARSE_ERROR
"Why the person mentioned Hizballah rockets but not Israeli bombs destroying Lebanon, and why they always give Israel a pass","Yes, thank you. I like to remind people about how this started, how this whole—how the damage to innocent life, which bothers me—but again, what cause",Ambivalent,UNKNOWN,Dodging,PARSE_ERROR
Clarification on the stance towards a nuclear North Korea.,No.,Clear Reply,Clear Non-Reply,Explicit,Declining to answer
Would you be okay with other countries interpreting the Geneva Conventions as they see fit?,"I am saying that I would hope that they would adopt the same standards we adopt, and that by clarifying Article 3, we make it stronger; we make it cle",Ambivalent,UNKNOWN,Deflection,PARSE_ERROR
"Do you stand by your figure, 30,000?","You know, I stand by the figure. A lot of innocent people have lost their life—600,000, or whatever they guessed at, is just—it's not credible. Thank ",Clear Reply,Clear Reply,Explicit,Explicit
Communication with the Defense Secretary,"I think he made it pretty clear the removal of Saddam—I don't know about this column, but I know his previous statements, he said getting rid of Sadda",Clear Reply,UNKNOWN,Explicit,PARSE_ERROR
"Did you ask Russia to take specific steps, for example with Iran, to agree to U.N. sanctions?",We strategized on both issues. But this isn't the first time that we've talked together to—on how to solve problems. You might remember that Russia pr,Ambivalent,UNKNOWN,General,PARSE_ERROR
What is the pressure point?,"Yes, I would hope it would be international pressure on not only Hizballah, the group of Hizballah within Lebanon, but also its sponsors. And that's t",Clear Reply,UNKNOWN,Explicit,PARSE_ERROR
Do you agree with the comparison between Hamas and Al Qaida?,"I believe that Hamas, in its own description of its agenda, has not renounced violence and has not recognized the State of Israel. And until they do, ",Ambivalent,Clear Non-Reply,Dodging,Claims ignorance
Do you see a risk of triggering a wider war?,I thought you were going to ask me about the pig.,Ambivalent,Ambivalent,Dodging,Dodging
"What can President Bush and President Putin do to stop the violence and fighting in the Middle East, given the divisions among allies concerning Israel's use of excessive force?","I think you'll find all parties here want the violence to stop. In my judgment, the best way to stop the violence is to understand why the violence oc",Clear Reply,Ambivalent,Explicit,Implicit
"And for the Prime Minister, did you offer any new assurances to the President—or do you plan to—that Israel will stop disputed settlement and construction activity?",Step one of any complicated process that is going to require a lot of hard work and serious dialogue is whether the mindset is right. It's one thing f,Ambivalent,UNKNOWN,Implicit,PARSE_ERROR
Contrast the impact on the economy if Republicans retain control of Congress versus what happens if Democrats take over.,"If I weren't here—first of all, I don't believe the Democrats are going to take over, because our record on the economy is strong. If the American peo",Clear Reply,UNKNOWN,Explicit,PARSE_ERROR
Can you comment on what looks like a judicial repudiation of your administration's policy on the treatment of terror suspects post-9/11?,"Matt, I can't—I wish I could comment, and would, obviously. I'm a person who generally comments on things. I haven't been briefed enough to make a com",Clear Non-Reply,Clear Non-Reply,Declining to answer,Claims ignorance
" Is the goalpost moving, sir?","No, no. The enemy is changing tactics, and we're adapting. That's what's happening. And I asked General Casey today, Have you got what you need? He sa",Clear Reply,Ambivalent,Explicit,Implicit
The question Q is asking if the person being addressed voted in the Texas primary.,"I did, and I'm not telling you who. [] Thank you.",Clear Reply,UNKNOWN,Explicit,PARSE_ERROR
"How do you feel about a lot of the foreign-owned companies buying out U.S. tech companies, especially those that have military contracts?",We have laws that prevent sensitive technologies from being transferred as a result of sale and/or merger. And we watch that very carefully.On the bro,Ambivalent,Ambivalent,General,General
At what point do you feel that you declare stalemate to try and reach common ground?,"Well, first of all, wherever Republicans indicate an interest in doing things that would actually grow the economy, I'm right there with them. So they",Ambivalent,Ambivalent,Deflection,General
"If it were headed—if it had been headed at the United States, how would our national ballistic missile system have taken it down?","I still can't give you any better answer than yesterday. I can embellish yesterday's answer. It may sound better. No, I—really, I haven't talked to th",Clear Non-Reply,UNKNOWN,Claims ignorance,PARSE_ERROR
Closing Guantanamo Bay,Thank you for the question on a court ruling that literally came out in the midst of my meeting with the Prime Minister—and so I haven't had a chance ,Clear Non-Reply,Clear Non-Reply,Claims ignorance,Claims ignorance
"Is it a fair assumption that the CIA operatives are in Pakistan, cooperating with the Pakistanis, and that they're sharing everything with you and vice versa?","John, what's fair is, I'm not—what you must assume is that I'm not going to talk about ongoing intelligence matters.Yes, sir.",Clear Non-Reply,UNKNOWN,Declining to answer,PARSE_ERROR
"What is the redline for North Korea, given what has happened over the past few months?","My point was, bilateral negotiations didn't work. I appreciate the efforts of previous administrations. It just didn't work. And therefore, I thought ",Ambivalent,UNKNOWN,General,PARSE_ERROR
 Is a no-fly zone under consideration as an option?,"That is one of the options that we would be looking at. First, in terms of Libya, I recognize and applaud the efforts undertaken by President Obama, a",Clear Reply,UNKNOWN,Explicit,PARSE_ERROR
Expectations of success for the new security crackdown in Baghdad,"I'll start—do you want to start? Go ahead. Actually, the circumstances that the Baghdad security plans, or other plans related to Basra and other plac",Clear Reply,UNKNOWN,Explicit,PARSE_ERROR
Did you discuss the possibility of referring the matter to the U.N. Security Council?,"Do you want to go? Yes, please. The ns—I believe, in the first place, we need to try and approach the ns not to launch Taepodong-2, through various ef",Ambivalent,Ambivalent,Dodging,Dodging
 How would you characterize the relationship between the United States and the United Nations at this point?,"Yes. First of all, my personal relationship with Kofi Annan is good. I like him. And we've got a good relationship, personal relationship. I think a l",Ambivalent,Clear Reply,Partial/half-answer,Explicit
Does he pose any particular unique problems to deal with?,It's hard for me to tell you what's on his mind. He lives in a very closed society. It's unlike our societies where we have press conferences and peop,Ambivalent,UNKNOWN,Deflection,PARSE_ERROR
Are you concerned that the results of the exit polls may embolden voters from the other party?,"Well, it also means one out of two voters think it was the right thing to do. And obviously, this is an issue that has been contentious. But as I said",Ambivalent,UNKNOWN,Implicit,PARSE_ERROR
Is it fair for people to ask questions about your commitment to accountability?,I would hope people would say that I am deliberate in my decisionmaking; I think about all aspects of the decisions I make; and I'm a fair person.And ,Ambivalent,Ambivalent,Deflection,General
What is each person's position on whether the U.S. needs permission to strike inside Pakistan if Usama bin Laden is located?,"Well, first of all, I appreciate the briefing on the tribal deal. When the President looks me in the eye and says, The tribal deal is intended to reje",Ambivalent,UNKNOWN,Dodging,PARSE_ERROR
"Should the abstinence provision, which allocates a significant portion of the money on abstinence programs, be dropped?","It seemed like there was a lot of excitement for me—wait a minute. [] Maybe I—maybe you missed it.Anyway, look, my attitude toward Congress is, look, ",Ambivalent,UNKNOWN,Implicit,PARSE_ERROR
How important is Grand Ayatollah Ali al-Sistani in the equation moving forward?,"Well, I haven't made up my mind yet about more troops. I'm listening to our commanders; I'm listening to the Joint Chiefs, of course; I'm listening to",Ambivalent,Clear Non-Reply,General,Claims ignorance
Are you prepared to pass on the fate of the war to the next President?,"David Petraeus, the general on the ground, will be bringing his recommendations back to the Congress on or about September the 15th. And I think it's ",Clear Non-Reply,Ambivalent,Declining to answer,Dodging
How will you work with someone who has such little respect for your leadership and who is third in line to the Presidency?,"Suzanne, I've been around politics a long time. I understand when campaigns end, and I know when governing begins. And I am going to work with people ",Ambivalent,UNKNOWN,Implicit,PARSE_ERROR
Was the President able to give President Karzai the assurances he sought about reducing civilian casualties in Afghanistan?,"Let me comment on the civilian casualties, if I might. First, I fully understand the angst, the agony, and the sorrow that Afghan citizens feel when a",Ambivalent,UNKNOWN,Implicit,PARSE_ERROR
Desire for Ben Bernanke to stay on when his term ends in January,I'm not going to make news about Ben Bernanke--[]--although I think he has done a fine job under very difficult circumstances.I would say that all fin,Ambivalent,Ambivalent,Dodging,Implicit
 Did she go already?,"Oh, she already has—[inaudible].",Ambivalent,UNKNOWN,General,PARSE_ERROR
" Did the elections come up, the Russian elections?","They did. They did. And I said we were sincere in our expressions of concern about the elections.Wolf [Richard Wolf, USA Today].",Clear Reply,Clear Reply,Explicit,Explicit
"Is there an obvious change that could be made to the security status, particularly in Baghdad right now?","——a lot of time talking about security, and I can understand why. Because there's—there are people who are willing to destroy innocent life to achieve",Ambivalent,Clear Non-Reply,Implicit,Clarification
Do they still have concerns about Iran's role in Afghanistan?,"Let me comment on the civilian casualties, if I might. First, I fully understand the angst, the agony, and the sorrow that Afghan citizens feel when a",Ambivalent,UNKNOWN,Implicit,PARSE_ERROR
Possible appointment to another position at the Department of Justice,As a special prosecutor?,Clear Non-Reply,UNKNOWN,Clarification,PARSE_ERROR
Whether the resolution should include a call for an immediate ceasefire,"In terms of the troops, that's what the meeting Monday is going to be about. And this is one of these issues that requires international consensus. Pe",Ambivalent,UNKNOWN,Dodging,PARSE_ERROR
 Do the new findings take the military option off the table?,Here's what we know. We know that they're still trying to learn how to enrich uranium. We know that enriching uranium is an important step in a countr,Ambivalent,UNKNOWN,Implicit,PARSE_ERROR
"What does President Kikwete think it says about America, that the country might elect a black President with African roots?","It seemed like there was a lot of excitement for me—wait a minute. [] Maybe I—maybe you missed it.Anyway, look, my attitude toward Congress is, look, ",Clear Non-Reply,UNKNOWN,Declining to answer,PARSE_ERROR
What say you about the U.S. boycotting the conference?,"Well, let me, first of all, say that I believe in the United Nations. I believe in the possibility of the United Nations serving as an effective forum",Ambivalent,Ambivalent,General,General
What is different about the current set of warnings?,"That's a fair question. First of all, I am making it clear our policy hasn't changed. It's important for the folks to understand that we don't continu",Clear Reply,UNKNOWN,Explicit,PARSE_ERROR
 How do you square all of the consequences mentioned for pulling out with the idea that they wouldn't have been there if the initial action hadn't occurred?,"I square it because, imagine a world in which you had Saddam Hussein who had the capacity to make a weapon of mass destruction, who was paying suicide",Clear Reply,Ambivalent,Explicit,Implicit
"There are reports that your administration is speeding up delivery of laser-guided missiles to Israel and bunker-buster bombs. And do you see this—if this is true, do you see it as contradictory? On one hand, you allow Israel to kill people, and civilian, in particular, and on the other hand, you're trying to aid the very people that have been suffering and killed as a result?","No, I don't see a contradiction in us honoring commitments we made prior to Hizballah attacks into Israeli territory. And I—like the Prime Minister, I",Clear Reply,UNKNOWN,Explicit,PARSE_ERROR
Are you following this movement?,"Obviously, I've heard of it. I've seen it on television. I think it expresses the frustrations that the American people feel, that we had the biggest ",Clear Reply,Ambivalent,Explicit,Implicit
Are you still convinced that Iran is trying to build a nuclear bomb?,Here's what we know. We know that they're still trying to learn how to enrich uranium. We know that enriching uranium is an important step in a countr,Ambivalent,UNKNOWN,Implicit,PARSE_ERROR
Non-Proliferation Treaty and Iran's knowledge to enrich uranium,The problem that most of the world has seen in stems from the fact that they hid their program. That's what the NIE says. The '68 agreement that signe,Ambivalent,UNKNOWN,General,PARSE_ERROR
"Would you take the leading role, along with President Musharraf, to build these bridges and promote interfaith harmony to avert any wrong notion of clash of civilizations?",I appreciate the President's leadership in promoting harmony. There is unbelievable propaganda in the Middle East these days that try to inflame passi,Ambivalent,Ambivalent,Implicit,Implicit
Does it concern you that the Beirut Airport has been bombed?,I thought you were going to ask me about the pig.,Ambivalent,UNKNOWN,Dodging,PARSE_ERROR
What are your thoughts?,My thoughts are that the local police will make the proper decision and that if they decide for him not to go— like it looks like they have—I can unde,Clear Reply,Clear Reply,Explicit,Explicit
"And if not, why not?","Because Condi is handling those conversations, and she's doing a fine job of doing so.Yes.",Clear Reply,UNKNOWN,Explicit,PARSE_ERROR
 Previous conversations with Prime Minister Maliki: Did you feel confident that he shares your view on Iraq?,On Iran?,Clear Non-Reply,UNKNOWN,Clarification,PARSE_ERROR
"What does this say about the Democratic leadership, the way they're running Congress, and your relations with the leaders?","You know, I don't view— I just don't view life as zero-sum. I think there—all of us deserve credit for getting some things done. The President constan",Ambivalent,UNKNOWN,Partial/half-answer,PARSE_ERROR
Conditions on the ground in Baghdad and the potential significant withdrawal of American forces by the end of the year,"I'll start—do you want to start? Go ahead. Actually, the circumstances that the Baghdad security plans, or other plans related to Basra and other plac",Ambivalent,Ambivalent,Implicit,Implicit
" If so, why?","I believe that the situation in Iraq is, no question, tough on the American psyche, like I said, I think, at this very spot last time I faced the pres",Ambivalent,Ambivalent,Implicit,Deflection
Request for the speaker's understanding and response to the frustration,"Well, the people who should get really frustrated are the Israelis and the Lebanese. They ought to be the ones who are frustrated, because 1559 clearl",Ambivalent,Ambivalent,Deflection,Implicit
"Mr. President, we know that you talked about Iran and North Korea. Let me ask you if you moved forward at all on these issues?",We strategized on both issues. But this isn't the first time that we've talked together to—on how to solve problems. You might remember that Russia pr,Clear Reply,UNKNOWN,Explicit,PARSE_ERROR
" Is there anything that's disappointed you about the recovery, the Federal response?",I was concerned at first about how much Congress and the taxpayers would be willing to appropriate and spend. I think $110 billion is a strong commitm,Ambivalent,Clear Reply,Implicit,Explicit
Why shouldn't Americans see the U.S. policy regarding North Korea as a failed one?,Because it takes time to get things done.,Clear Reply,UNKNOWN,Explicit,PARSE_ERROR
