question,answer_snippet,true_label,pred_label,raw_output
 Inquiring about the status or information regarding the redline.,"[TONE OF RESPONSE: Assertive]
Well, the world has made it clear that these tests caused us to come together and work in the United Nations to send a c",Ambivalent,Clear Reply,Clear Reply
Will you invite them to the White House to negotiate on the jobs bill?,"[TONE OF RESPONSE: Assertive]
I think that anytime and anyplace that they are serious about working on putting people back to work, we'll be prepared ",Ambivalent,Ambivalent,CLASSIFICATION: Ambivalent
Why was it necessary for Japan to drop the threat of sanctions from its proposed Security Council resolution about North Korea?,"[TONE OF RESPONSE: Assertive]
I think that the purpose of the U.N. Security Council resolution is to send a clear message to the leader of that the wo",Ambivalent,Clear Reply,Clear Reply
When will we see this resolution?,"[TONE OF RESPONSE: Assertive]
I'll let Condi talk about the details of what she's going to do today, if you care to hear from her. But we will work wi",Ambivalent,Ambivalent,CLASSIFICATION: Ambivalent
Updating the figure of Iraqi deaths,"[TONE OF RESPONSE: Assertive]
No, I don't consider it a credible report; neither does General Casey and neither do Iraqi officials. I do know that a l",Ambivalent,Clear Reply,Clear Reply
Do you think the Republican leader in the House owes somebody an apology?,"[TONE OF RESPONSE: Assertive]
I wouldn't have exactly put it that way. But I do believe there's a difference of attitude. I mean, take the PATRIOT Act",Ambivalent,Clear Reply,Clear Reply
Do you ever feel like the walls are closing in on you in terms of support for this?,"[TONE OF RESPONSE: Assertive]
[] Jim, I understand how hard it is, and I also understand the stakes. And let me go back to Senator Warner. Senator War",Ambivalent,Clear Reply,Clear Reply
 Is the demand for Israeli troops to pull out immediately negotiable?,"[TONE OF RESPONSE: Assertive]
Whatever happens in the U.N., we must not create a vacuum into which Hizballah and its sponsors are able to move more we",Ambivalent,Clear Reply,Clear Reply
What are you offering the Arab nations to encourage them to participate?,"[TONE OF RESPONSE: Assertive]
Right. Well, that's why Condi is making the trip she's making, is to explain to people in private, as well as in public,",Ambivalent,Clear Reply,Clear Reply
Isn't Tehran's influence in the region growing despite your efforts to curb it?,"[TONE OF RESPONSE: Assertive]
The final history in the region has yet to be written. And what's very interesting about the violence in Lebanon and the",Ambivalent,Clear Reply,Clear Reply
. Has he changed?,"[TONE OF RESPONSE: Assertive]
I think the person who I was referring to in 2001 is the same strong-willed person. He is a person with whom I have had ",Ambivalent,Clear Reply,Clear Reply
Shape of the multinational force,"[TONE OF RESPONSE: Assertive]
In terms of the troops, that's what the meeting Monday is going to be about. And this is one of these issues that requir",Clear Reply,Ambivalent,CLASSIFICATION: Ambivalent
Do you see any contradictory evidence in the culture?,"[TONE OF RESPONSE: Assertive]
No, I said—Mike, thanks. I was just speculating that the culture might be changing, and I was talking about when you're ",Ambivalent,Clear Reply,CLASSIFICATION: Clear Reply
What have they achieved and what will they leave behind for their successors?,"[TONE OF RESPONSE: Assertive]
Okay, I will start answering. Has it become better, or has it become worse? We always want to have more of a good thing,",Clear Reply,Clear Reply,CLASSIFICATION: Clear Reply
Are you willing to acknowledge that a change may be needed?,"[TONE OF RESPONSE: Assertive]
Steve, we're constantly changing tactics to achieve a strategic goal. Our strategic goal is a country which can defend i",Ambivalent,Clear Reply,CLASSIFICATION: Clear Reply
Messages for the Governments of Iran and Syria,"[TONE OF RESPONSE: Assertive]
Want me to start? My message is, give up your nuclear weapon and your nuclear weapon ambitions. That's my message to Syr",Clear Reply,Clear Reply,Clear Reply
What is your philosophy on granting Presidential pardons?,"[TONE OF RESPONSE: Assertive]
You know, I don't have the criterion in front of me, Mark, but we have a strict criterion that we utilize—we being the J",Ambivalent,Clear Non-Reply,CLASSIFICATION: Clear Non-Reply
Would you campaign against Senator Joe Lieberman on Iraq?,"[TONE OF RESPONSE: Guarded]
I'm going to stay out of Connecticut. []",Ambivalent,Clear Non-Reply,Clear Non-Reply
Would you veto the bill if it passes in the form that the Armed Services Committee approved yesterday?,"[TONE OF RESPONSE: Assertive]
First, we have been working throughout the summer, talking to key players about getting a bill that will enable the prog",Ambivalent,Clear Reply,CLASSIFICATION: Clear Reply
What makes this more than a piece of paper if you don't have the will of the international community to back it up?,"[TONE OF RESPONSE: Assertive]
Yes. No, listen—all the more reason why we need to help our friends and allies get the forces necessary to help the Leba",Ambivalent,Clear Reply,Clear Reply
 Fear and concern in Israel that the administration will not take necessary action against Iran due to the duration and unpopularity of the war in Iraq.,"[TONE OF RESPONSE: Assertive]
[Inaudible]—what the NIE actually said. It said that, as far as the intelligence community could tell, at one time, the ",Ambivalent,Clear Reply,CLASSIFICATION: Clear Reply
Was this coordinated with you?,"[TONE OF RESPONSE: Assertive]
No, it wasn't coordinated with me, and my patience ran out on President Asad a long time ago. And the reason why is, is ",Clear Reply,Clear Reply,CLASSIFICATION: Clear Reply
. What are the odds for a guest-worker provision?,"[TONE OF RESPONSE: Assertive]
Well, that's got to be an integral part of a comprehensive plan. When you're talking comprehensive immigration reform, o",Ambivalent,Clear Reply,Clear Reply
"Are you concerned that the fiscal pressures the United States is under at the moment may compromise its ability to sustain its plans for the region, including the initiatives announced today?","[TONE OF RESPONSE: Assertive]
With respect to Europe, I'm deeply concerned, have been deeply concerned, I suspect we'll be deeply concerned tomorrow a",Ambivalent,Clear Reply,Clear Reply
"What is the hook to get Hizballah to accept a cease-fire, stop shooting, and stop kidnapping soldiers from across the border of another country?","[TONE OF RESPONSE: Assertive]
Yes, I would hope it would be international pressure on not only Hizballah, the group of Hizballah within Lebanon, but a",Ambivalent,Clear Reply,Clear Reply
What is the outlook in your view when you will be presenting your first report?,"[TONE OF RESPONSE: Assertive]
Well, to answer the first question, there's the financial problem, which is quite delicate in several markets. What I ca",Ambivalent,Clear Reply,CLASSIFICATION: Clear Reply
When are you going to tell the Israelis to stop destroying houses in Lebanon?,"[TONE OF RESPONSE: Assertive]
Look, we care deeply about the people whose lives have been affected in Lebanon, just like we care deeply about the peop",Ambivalent,Clear Reply,Clear Reply
Do you have to take those with something of a grain of salt until the supercommittee process is concluded?,"[TONE OF RESPONSE: Assertive]
With respect to Europe, I'm deeply concerned, have been deeply concerned, I suspect we'll be deeply concerned tomorrow a",Ambivalent,Clear Reply,CLASSIFICATION: Clear Reply
Why do you still say there is a relationship between them?,"[TONE OF RESPONSE: Assertive]
The point I was making to Ken Herman's [Austin American-Statesman] question was that was a state sponsor of terror and t",Ambivalent,Clear Reply,CLASSIFICATION: Clear Reply
"Mr. President, if the EU does not receive a definitive answer from Iran on the incentives package by next week, do you foresee the G-8 summit as being a springboard to bring that issue to the U.N. Security Council?","[TONE OF RESPONSE: Assertive]
I said I wasn't going to answer a hypothetical; now you're trying to get me to answer a hypothetical. The G-8 will be an",Clear Non-Reply,Clear Non-Reply,Clear Non-Reply
 New Policy on Intercepting North Korean Ships,"[TONE OF RESPONSE: Assertive]
Well, this is not simply a U.S. policy; this is a international policy. This was part of what the Security Council resol",Clear Reply,Clear Reply,Clear Reply
How do you measure progress with a body count like that?,"[TONE OF RESPONSE: Assertive]
Well, one way you do it is you measure progress based upon the resilience of the Iraqi people: Do they want there to be ",Ambivalent,Clear Reply,Clear Reply
Why would you agree with Senator McCain or Senator Obama?,"[TONE OF RESPONSE: Guarded]
No, I appreciate you trying to drag me in the '08 race. And this is the first attempt to do so, and I can understand why y",Clear Non-Reply,Clear Non-Reply,Clear Non-Reply
What do you say to people who say more troops in Iraq would increase the sectarian split and not calm things down?,"[TONE OF RESPONSE: Assertive]
Well, I haven't made up my mind yet about more troops. I'm listening to our commanders; I'm listening to the Joint Chief",Ambivalent,Clear Reply,Clear Reply
Are you still willing to follow a path that seems to be in opposition to the will of the American people?,"[TONE OF RESPONSE: Assertive]
I am willing to follow a path that leads to victory, and that's exactly why we're conducting the review we are. Victory ",Ambivalent,Clear Reply,CLASSIFICATION: Clear Reply
How much of a political price do you think you're paying for that right now?,"[TONE OF RESPONSE: Assertive]
I've been talking about gas prices ever since they got high, starting with this—look, I understand gas prices are like a",Ambivalent,Clear Reply,Clear Reply
Is it no longer important to track him down?,"[TONE OF RESPONSE: Assertive]
It's just an incorrect story. I mean, we got a lot of assets looking for . So whatever you want to read in that story, i",Clear Reply,Clear Non-Reply,Clear Non-Reply
New instructions for Secretary Rice's visit to the region,"[TONE OF RESPONSE: Assertive]
Her instructions are to work with Israel and Lebanon to get a— to come up with an acceptable U.N. Security Council resol",Ambivalent,Clear Reply,Clear Reply
What message do you hope this summit sends to Senator Jon Kyl and other Republicans in the Senate who are resisting voting on and ratifying START in the lame duck session?,"[TONE OF RESPONSE: Assertive]
Well, a couple of messages that I just want to send to the American people. Number one, I think that Americans should be",Ambivalent,Clear Reply,CLASSIFICATION: Clear Reply
"Role of China in Africa's development and its positive aspects, areas of improvement, and stance on human rights issues and corruption.","[TONE OF RESPONSE: Assertive]
Well, I might let John start. He's, after all, been engaged with leaders. I have an opinion, but we'll let him start. I ",Ambivalent,Ambivalent,CLASSIFICATION: Ambivalent
Potential impact on the President's viewpoint,"[TONE OF RESPONSE: Assertive]
I think he made it pretty clear the removal of Saddam—I don't know about this column, but I know his previous statements",Ambivalent,Clear Non-Reply,CLASSIFICATION: Clear Non-Reply
"Did Prime Minister Olmert present positions to Mr. Bush that contradict those of the Americans, and is there concern that his recent statement suggests his hands are tied when it comes to Iran?","[TONE OF RESPONSE: Assertive]
[Inaudible]—what the NIE actually said. It said that, as far as the intelligence community could tell, at one time, the ",Ambivalent,Clear Reply,CLASSIFICATION: Clear Reply
Do you and the President believe that Israel is on the right side in the war on terror?,"[TONE OF RESPONSE: Assertive]
Look, we care deeply about the people whose lives have been affected in Lebanon, just like we care deeply about the peop",Ambivalent,Clear Reply,Clear Reply
Other financial steps the President is prepared to take if the rate cut is deemed insufficient,"[TONE OF RESPONSE: Assertive]
Roger, I do not comment on the decisions made by the Fed. I will comment on Ben Bernanke; I think he's doing a fine job.",Ambivalent,Clear Non-Reply,CLASSIFICATION: Clear Non-Reply
 Has it improved the chances of something like Mideast peace?,"[TONE OF RESPONSE: Assertive]
I think it offers an opportunity as well as a challenge. I think the opportunity is that when you have the kinds of peop",Ambivalent,Ambivalent,CLASSIFICATION: Ambivalent
. Efforts President Lee Myung-bak intends to employ to reach an agreement,"[TONE OF RESPONSE: Assertive]
The talks will continue. The talks, like I said, will continue between Korea and the United States. And as you know, my ",Ambivalent,Clear Reply,Clear Reply
Concern about financial institutions seeking investments from foreign government-controlled funds.,"[TONE OF RESPONSE: Assertive]
No, I like to get our money back. I think the world that is open for investment and trade is a world that will lead to o",Clear Reply,Clear Reply,Clear Reply
Will you pressure the French to contribute more troops?,"[TONE OF RESPONSE: Dismissive]
Well, we're pressing on all. I was asked about the French the other day at Camp David, and I—listen, France has had a v",Ambivalent,Clear Reply,Clear Reply
Is there any chance of getting a deal?,"[TONE OF RESPONSE: Assertive]
Thank you. We are responding to congressional law. And I—let me reinterpret your—is your question, is there flexibility ",Ambivalent,Ambivalent,CLASSIFICATION: Ambivalent
Will the prison close?,"[TONE OF RESPONSE: Assertive]
Well, I haven't had a chance to fully review what the Court said, Terry. I wish I had, and I could have given you a bett",Clear Non-Reply,Ambivalent,CLASSIFICATION: Ambivalent
What sort of cooperation do you think is possible between the U.S. and Japan to address the abduction issue?,"[TONE OF RESPONSE: Assertive]
Do you want to go? Yes, please. The ns—I believe, in the first place, we need to try and approach the ns not to launch T",Ambivalent,Clear Non-Reply,CLASSIFICATION: Clear Non-Reply
How do you feel about Plan B in general?,"[TONE OF RESPONSE: Assertive]
I believe that Plan B ought to be—ought to require a prescription for minors; that's what I believe. And I support Andy'",Clear Reply,Clear Reply,Clear Reply
"Can you continue to sustain the kind of level of spending that you've invested in, in Iraq?","[TONE OF RESPONSE: Assertive]
I would certainly hope so, because when you say, sustain the level of spending, you're mainly talking about making sure ",Ambivalent,Clear Reply,Clear Reply
What is the magnet?,"[TONE OF RESPONSE: Assertive]
Yes, I would hope it would be international pressure on not only Hizballah, the group of Hizballah within Lebanon, but a",Ambivalent,Clear Reply,Clear Reply
Addressing the desire of Cuban exiles to go home and reclaim their property.,"[TONE OF RESPONSE: Assertive]
First of all, Cuba is not a very transparent society, so the only thing I know is what has been speculated. And that is ",Clear Reply,Clear Non-Reply,CLASSIFICATION: Clear Non-Reply
Revisiting immigration in a lame-duck session after the election,"[TONE OF RESPONSE: Assertive]
Bob, I strongly believe that in order to protect this border, Congress has got to pass a comprehensive plan that on the ",Ambivalent,Clear Reply,Clear Reply
" Why wouldn't you be frustrated, sir, about what's happening?","[TONE OF RESPONSE: Assertive]
I'm not—I do remember the meeting; I don't remember being surprised. I'm not sure what they meant by that.",Clear Non-Reply,Clear Non-Reply,Clear Non-Reply
Administration's contingency plans for his death,"[TONE OF RESPONSE: Assertive]
First of all, Cuba is not a very transparent society, so the only thing I know is what has been speculated. And that is ",Ambivalent,Clear Non-Reply,Clear Non-Reply
Performance of the Fed in handling the financial crisis,"[TONE OF RESPONSE: Assertive]
I'm not going to make news about Ben Bernanke--[]--although I think he has done a fine job under very difficult circumst",Clear Reply,Clear Reply,CLASSIFICATION: Clear Reply
What do you say to people who are losing patience with gas prices at $3 a gallon?,"[TONE OF RESPONSE: Assertive]
I've been talking about gas prices ever since they got high, starting with this—look, I understand gas prices are like a",Ambivalent,Clear Reply,Clear Reply
 Request for permission to ask another question on veterans.,"[TONE OF RESPONSE: Assertive]
Go ahead—he hasn't asked his question yet. I rudely interrupted him.The Presidency/Cooperation With Congress/",Clear Reply,Clear Non-Reply,CLASSIFICATION: Clear Non-Reply
Permission to direct a question to President Hu.,"[TONE OF RESPONSE: Assertive]
Of course.",Clear Reply,Clear Non-Reply,Clear Non-Reply
"And to President Karzai, if I might, what do you think of President Musharraf's comments that you need to get to know your own country better when you're talking about where terror threats and the Taliban threat is coming from?","[TONE OF RESPONSE: Assertive]
Do you want to start? Go ahead, please. [] I, of course, read the key judgments on the NIE. I agree with their conclusio",Ambivalent,Clear Reply,CLASSIFICATION: Clear Reply
 Has House Speaker Hastert lost touch within his own ranks?,"[TONE OF RESPONSE: Assertive]
No, I think the Speaker's strong statements have made it clear to not only the party members but to the country that he ",Clear Reply,Clear Reply,Clear Reply
Will the President pledge to the family of Corporal Pat Tillman that the government and administration will finally get to the bottom of his death?,"[TONE OF RESPONSE: Assertive]
Well, first of all, I can understand why 's family, you know, has got significant emotions, because a man they loved and",Ambivalent,Clear Reply,Clear Reply
"Mr. Harper, can you comment in French and English, please?","[TONE OF RESPONSE: Assertive]
Thank you. We are responding to congressional law. And I—let me reinterpret your—is your question, is there flexibility ",Ambivalent,Ambivalent,CLASSIFICATION: Ambivalent
How do you see the situation with the Iranian nuclear issue as of now?,"[TONE OF RESPONSE: Assertive]
——progress, because Russia and the United States agree that should not have a nuclear weapon. In other words, the ians n",Clear Reply,Clear Reply,CLASSIFICATION: Clear Reply
Are the individuals satisfied with the assurances given on the tribal deal?,"[TONE OF RESPONSE: Assertive]
Well, first of all, I appreciate the briefing on the tribal deal. When the President looks me in the eye and says, The t",Clear Reply,Clear Reply,Clear Reply
What remains to be done?,"[TONE OF RESPONSE: Assertive]
Yes, thanks. You know, I went to New Orleans, in Jackson Square, and made a commitment that we would help the people the",Ambivalent,Clear Reply,Clear Reply
What did you mean by 'Third Awakening'?,"[TONE OF RESPONSE: Assertive]
No, I said—Mike, thanks. I was just speculating that the culture might be changing, and I was talking about when you're ",Clear Reply,Clear Reply,Clear Reply
 Asking about the President's feelings towards war rhetoric and going to war with Iraq.,"[TONE OF RESPONSE: Assertive]
I don't regret it at all. Removing Saddam Hussein made the world a safer place. And yes, I told the guy— the guy said, N",Clear Reply,Clear Reply,CLASSIFICATION: Clear Reply
Opinion on the potential duration of the diplomacy process,"[TONE OF RESPONSE: Assertive]
You know, I don't know. I certainly want to solve this problem diplomatically, and I believe the best chance to do so is",Clear Non-Reply,Clear Reply,Clear Reply
Reappointment of U.S. Attorney Patrick Fitzgerald,"[TONE OF RESPONSE: Assertive]
As a special prosecutor?",Clear Non-Reply,Clear Non-Reply,CLASSIFICATION: Clear Non-Reply
Do you stand by this choice?,"[TONE OF RESPONSE: Assertive]
I believe that Plan B ought to be—ought to require a prescription for minors; that's what I believe. And I support Andy'",Clear Reply,Clear Reply,Clear Reply
Are you considering a plan to cut corporate taxes?,"[TONE OF RESPONSE: Assertive]
Actually, we had an interesting discussion on this subject. And if you read carefully the penetrating reporter by the fi",Ambivalent,Ambivalent,CLASSIFICATION: Ambivalent
What do you think about Senator McCain's statement that your plan will put U.S. troops at risk?,"[TONE OF RESPONSE: Assertive]
This debate is occurring because of the Supreme Court's ruling that said that we must conduct ourselves under the Common",Ambivalent,Clear Reply,Clear Reply
What are we to expect in the future regarding the Iranian nuclear issue?,"[TONE OF RESPONSE: Assertive]
——progress, because Russia and the United States agree that should not have a nuclear weapon. In other words, the ians n",Clear Reply,Clear Reply,CLASSIFICATION: Clear Reply
"If it's not time yet, what is the threshold?","[TONE OF RESPONSE: Assertive]
Well, it seems like it's pretty easy to speculate from over here about the conditions on the ground. And so what I do is",Ambivalent,Clear Reply,CLASSIFICATION: Clear Reply
Do you believe that the previous administration sanctioned torture?,"[TONE OF RESPONSE: Assertive]
What I've said, and I will repeat, is that waterboarding violates our ideals and our values. I do believe that it is tor",Ambivalent,Clear Reply,Clear Reply
Why not call for an emergency energy summit and lift the issue to a higher priority?,"[TONE OF RESPONSE: Assertive]
Well, I thought addressing the issue at the State of the Union was pretty much lifting it to a high priority. When you i",Ambivalent,Clear Reply,CLASSIFICATION: Clear Reply
Why would the international force not include U.S. troops?,"[TONE OF RESPONSE: Assertive]
No, I think, first of all, there has been a history in Lebanon with U.S.troops. Secondly, I have said that if the intern",Clear Reply,Clear Reply,Clear Reply
Can't you be accused of hyping this threat?,"[TONE OF RESPONSE: Assertive]
David, I don't want to contradict an august reporter such as yourself, but I was made aware of the NIE last week. In Aug",Ambivalent,Clear Reply,CLASSIFICATION: Clear Reply
Asking about what has happened to America's clout in the region and why the actions and words of the President are being ignored.,"[TONE OF RESPONSE: Assertive]
David, it's an interesting period because instead of having foreign policies based upon trying to create a sense of stab",Ambivalent,Clear Reply,Clear Reply
Has the U.S. reached out to Grand Ayatollah Ali al-Sistani?,"[TONE OF RESPONSE: Assertive]
Well, I haven't made up my mind yet about more troops. I'm listening to our commanders; I'm listening to the Joint Chief",Ambivalent,Clear Reply,CLASSIFICATION: Clear Reply
"Can you now tell us, where was it headed?","[TONE OF RESPONSE: Assertive]
I still can't give you any better answer than yesterday. I can embellish yesterday's answer. It may sound better. No, I—",Clear Non-Reply,Clear Non-Reply,Clear Non-Reply
Why does the asker request Israel to accept United Nations resolutions related to the Palestinian problem in order to facilitate a solution and end the occupation?,"[TONE OF RESPONSE: Assertive]
Yes, actually, I'm asking Israel to negotiate in good faith with an elected leader of the Palestinian Territory to come ",Ambivalent,Clear Reply,Clear Reply
Concern about triggering a wider Middle East war,"[TONE OF RESPONSE: Assertive]
As I mentioned, my biggest concern is whether or not actions taken will weaken the Siniora Government. Democracy in Leba",Ambivalent,Clear Reply,CLASSIFICATION: Clear Reply
 Do you think it's working now the way it's going?,"[TONE OF RESPONSE: Assertive]
It is absolutely working. We come across difficulties as we are moving forward, and that's bound to happen. And we get o",Clear Reply,Clear Reply,CLASSIFICATION: Clear Reply
"Mr. President, after 9/11, would the United States have actually attacked Pakistan if President Musharraf had not agreed to cooperate with the war on terrorism? He says that the United States was threatening to bomb his country back into the Stone Age.","[TONE OF RESPONSE: Assertive]
First, let me—she's asking about the Armitage thing. The first I've heard of this was when I read it in the newspaper to",Clear Non-Reply,Clear Non-Reply,CLASSIFICATION: Clear Non-Reply
Blame for a government shutdown,"[TONE OF RESPONSE: Assertive]
Well, ultimately, Congress makes the decisions about whether or not we spend money and whether or not we keep this Gover",Clear Reply,Clear Reply,Clear Reply
 Is there anything you wish you would have done differently with regard to Iraq?,"[TONE OF RESPONSE: Assertive]
Speaking about books, somebody ought to add up the number of pages that have been written about my administration. There",Clear Reply,Ambivalent,CLASSIFICATION: Ambivalent
The potential complications in keeping pressure on Iran's sanctions at the United Nations,"[TONE OF RESPONSE: Assertive]
The problem that most of the world has seen in stems from the fact that they hid their program. That's what the NIE says",Ambivalent,Clear Reply,CLASSIFICATION: Clear Reply
Or have you and Musharraf worked out some deal about this already?,"[TONE OF RESPONSE: Assertive]
I am confident that with actionable intelligence, we will be able to bring top Al Qaida to justice. We're in constant co",Ambivalent,Clear Reply,CLASSIFICATION: Clear Reply
"What other areas do you believe you're building a record of transformation in, apart from Iraq, that you hope will last the ages?","[TONE OF RESPONSE: Assertive]
Well, one is to set priorities. That's what I've just done, setting a priority. My message is: We can work together. And",Clear Reply,Clear Reply,Clear Reply
"Can you comment about your concerns that come out of it at all, about for the region?","[TONE OF RESPONSE: Guarded]
No. Saying I'm not going to comment on the matter means I'm not going to comment on the matter. You're welcome to ask anot",Clear Non-Reply,Clear Non-Reply,Clear Non-Reply
"And what do you say to Americans who are frustrated by the familiar roadblocks, it seems, of China and Russia on harsh sanctions?","[TONE OF RESPONSE: Assertive]
I said I wasn't going to answer a hypothetical; now you're trying to get me to answer a hypothetical. The G-8 will be an",Ambivalent,Ambivalent,CLASSIFICATION: Ambivalent
How will you go about persuading the Russians and the Chinese to back those moves if you make them?,"[TONE OF RESPONSE: Assertive]
Nontransparent societies run by Governments that aren't selected by the people are—very difficult to tell what's going o",Ambivalent,Clear Reply,CLASSIFICATION: Clear Reply
"Mr. President, your joint statement on missile defense is still far short of a deal for Russian support or even acquiescence on this project. Isn't this just a matter of kicking the can down the road, in the twilight of both of your terms, to a new U.S. administration that may or may not even support it?","[TONE OF RESPONSE: Assertive]
I think I just explained how far we have come on this issue. This is a concept that I talked to Vladimir about a while a",Clear Reply,Clear Reply,Clear Reply
"What do you say to the argument that your proposal is basically seeking support for torture, coerced evidence, and secret hearings?","[TONE OF RESPONSE: Assertive]
This debate is occurring because of the Supreme Court's ruling that said that we must conduct ourselves under the Common",Ambivalent,Clear Reply,CLASSIFICATION: Clear Reply
"What kind of punishment would you like to see imposed on North Korea, short of some sort of condemnation from the U.N. Security Council","[TONE OF RESPONSE: Guarded]
Okay.",Ambivalent,Clear Non-Reply,CLASSIFICATION: Clear Non-Reply
"And if it's approved, when will we see a cessation of violence?","[TONE OF RESPONSE: Assertive]
I'll let Condi talk about the details of what she's going to do today, if you care to hear from her. But we will work wi",Ambivalent,Ambivalent,CLASSIFICATION: Ambivalent
Disappointment with Iraq's unity Government's progress in bringing together sectarian and ethnic groups.,"[TONE OF RESPONSE: Assertive]
No. I am aware that extremists and terrorists are doing everything they can to prevent 's democracy from growing stronge",Clear Reply,Clear Reply,CLASSIFICATION: Clear Reply
 Willingness to take action in order to prevent a similar outcome as in 1992.,"[TONE OF RESPONSE: Assertive]
I'm concerned about the economy because I'm concerned about working Americans, concerned about people who want to put mo",Clear Reply,Clear Reply,Clear Reply
What will be your top concern when you meet with Musharraf later this week?,"[TONE OF RESPONSE: Assertive]
I am confident that with actionable intelligence, we will be able to bring top Al Qaida to justice. We're in constant co",Ambivalent,Clear Reply,Clear Reply
Risk of wider war due to growing support for Hizballah,"[TONE OF RESPONSE: Assertive]
Her instructions are to work with Israel and Lebanon to get a— to come up with an acceptable U.N. Security Council resol",Ambivalent,Clear Reply,Clear Reply
"How close are we to a stock exchange crash, and what measures have you taken so that it does not affect the real economy?","[TONE OF RESPONSE: Assertive]
Well, to answer the first question, there's the financial problem, which is quite delicate in several markets. What I ca",Ambivalent,Clear Reply,CLASSIFICATION: Clear Reply
"Why did you keep saying that there was a relationship between Saddam Hussein, Zarqawi, and Al Qaida despite the report stating there was no link?","[TONE OF RESPONSE: Assertive]
The point I was making to Ken Herman's [Austin American-Statesman] question was that was a state sponsor of terror and t",Ambivalent,Clear Reply,CLASSIFICATION: Clear Reply
Do you believe America's corporations are not making enough money these days?,"[TONE OF RESPONSE: Assertive]
Actually, we had an interesting discussion on this subject. And if you read carefully the penetrating reporter by the fi",Ambivalent,Ambivalent,CLASSIFICATION: Ambivalent
Current condition of Fidel Castro,"[TONE OF RESPONSE: Assertive]
First of all, Cuba is not a very transparent society, so the only thing I know is what has been speculated. And that is ",Clear Non-Reply,Clear Non-Reply,Clear Non-Reply
Is your willingness to work with Congress now an acknowledgment that that is a fact?,"[TONE OF RESPONSE: Assertive]
First of all, I strongly believe that the district court ruling on the terrorist surveillance program was flawed. And th",Ambivalent,Clear Non-Reply,Clear Non-Reply
"Based on the visit to the United States and the discussions with President Bush regarding cotton subsidies, have things evolved since then?","[TONE OF RESPONSE: Assertive]
I must confess that when we started these discussions, we on purpose did not talk about this, because the President aske",Ambivalent,Clear Reply,CLASSIFICATION: Clear Reply
Are you prepared now to just take the possibility of one-on-one talks with North Korea off the table?,"[TONE OF RESPONSE: Assertive]
I'm saying as loud as I can and as clear as I can that there is a better way forward for North Korea, and that we will w",Ambivalent,Clear Reply,Clear Reply
Do you like them?,"[TONE OF RESPONSE: Guarded]
They may be a little too fancy for you.",Ambivalent,Clear Non-Reply,Clear Non-Reply
"Even after hearing that one of the major conclusions of the National Intelligence Estimate in April was that the Iraq war has fueled terror growth around the world, why have you continued to say that the Iraq war has made this country safer?","[TONE OF RESPONSE: Assertive]
Do you want to start? Go ahead, please. [] I, of course, read the key judgments on the NIE. I agree with their conclusio",Clear Reply,Clear Reply,CLASSIFICATION: Clear Reply
Change in assessment of Mayor Daley's tenure based on the conviction of one of his former officials for rigging city jobs to benefit the mayor's political workers,"[TONE OF RESPONSE: Assertive]
I still think he's a great mayor. This is a well-run city, and he gets a lot of credit for it. He doesn't get sole credi",Ambivalent,Clear Reply,Clear Reply
Or do you feel that he has traveled too far and too fast?,"[TONE OF RESPONSE: Assertive]
Well, on your second question, Mr. McKinnon, we have proceeded through all the processes required under our extradition ",Ambivalent,Clear Reply,CLASSIFICATION: Clear Reply
What is your plan for either changing your role or keeping control of the agenda at a time when Democrats have both Houses on the Hill and when the '08 candidates are doing their thing?,"[TONE OF RESPONSE: Assertive]
Well, one is to set priorities. That's what I've just done, setting a priority. My message is: We can work together. And",Ambivalent,Clear Reply,CLASSIFICATION: Clear Reply
What led you to that conclusion?,"[TONE OF RESPONSE: Assertive]
No, I said—Mike, thanks. I was just speculating that the culture might be changing, and I was talking about when you're ",Clear Reply,Clear Reply,CLASSIFICATION: Clear Reply
Do you agree with the Republican leader in the House that Democrats are more interested in protecting terrorists than protecting the American people?,"[TONE OF RESPONSE: Assertive]
I wouldn't have exactly put it that way. But I do believe there's a difference of attitude. I mean, take the PATRIOT Act",Ambivalent,Clear Reply,Clear Reply
Have you spoken directly with Prime Ministers Olmert and Siniora?,"[TONE OF RESPONSE: Guarded]
Because Condi is handling those conversations, and she's doing a fine job of doing so.Yes.",Ambivalent,Clear Non-Reply,Clear Non-Reply
Do you want Israel to win the war on terror rather than stopping it?,"[TONE OF RESPONSE: Assertive]
Look, we care deeply about the people whose lives have been affected in Lebanon, just like we care deeply about the peop",Ambivalent,Ambivalent,CLASSIFICATION: Ambivalent
Whether the President considers the report credible,"[TONE OF RESPONSE: Assertive]
No, I don't consider it a credible report; neither does General Casey and neither do Iraqi officials. I do know that a l",Clear Reply,Clear Reply,Clear Reply
"Are you committed to building the 700 miles of fence, actual fencing?","[TONE OF RESPONSE: Assertive]
Yes, we're going to do both, Joe. We're just going to make sure that we build it in a spot where it works. I don't—DHS s",Clear Reply,Clear Reply,Clear Reply
Participants of the multinational force,"[TONE OF RESPONSE: Assertive]
In terms of the troops, that's what the meeting Monday is going to be about. And this is one of these issues that requir",Ambivalent,Clear Reply,Clear Reply
Did you cross the t's and dot the i's in your discussion with President Bush regarding the security needs?,"[TONE OF RESPONSE: Assertive]
——a lot of time talking about security, and I can understand why. Because there's—there are people who are willing to de",Clear Reply,Clear Reply,Clear Reply
Can you explain why this approach was not taken a couple of weeks ago when it is being considered now?,"[TONE OF RESPONSE: Assertive]
Sure. Because, first of all, the international community hadn't come together on a concept of how to address the root ca",Clear Reply,Clear Reply,Clear Reply
Do you feel in some way that there is some shift going on in terms of the general support for your strategy specifically?,"[TONE OF RESPONSE: Assertive]
[] Jim, I understand how hard it is, and I also understand the stakes. And let me go back to Senator Warner. Senator War",Ambivalent,Clear Reply,Clear Reply
"Mr. President, are you disappointed that the Israelis and the Palestinians haven't made more specific progress since Annapolis?","[TONE OF RESPONSE: Assertive]
Step one of any complicated process that is going to require a lot of hard work and serious dialogue is whether the mind",Ambivalent,Clear Reply,CLASSIFICATION: Clear Reply
The person's view on breaking an oath for a truce,"[TONE OF RESPONSE: Assertive]
Yes, thank you. I like to remind people about how this started, how this whole—how the damage to innocent life, which bo",Ambivalent,Clear Non-Reply,CLASSIFICATION: Clear Non-Reply
"What do you see as the biggest mistakes in the management of the war, and what do you propose to do to correct them?","[TONE OF RESPONSE: Assertive]
David Petraeus, the general on the ground, will be bringing his recommendations back to the Congress on or about Septemb",Ambivalent,Clear Reply,Clear Reply
Do you think the decision by your G-20 counterparts here to endorse stiff deficit reduction goals is a repudiation of your view that cutting deficits too quickly and too fast would hinder the global economic recovery?,"[TONE OF RESPONSE: Guarded]
Okay.",Ambivalent,Clear Non-Reply,Clear Non-Reply
How do you respond to his charges?,"[TONE OF RESPONSE: Assertive]
You know, look, Caren, I've watched all this finger-pointing and naming of names and all that stuff. Our objective is to",Ambivalent,Clear Reply,CLASSIFICATION: Clear Reply
What about military options against North Korea once diplomacy and the timetable have been exhausted?,"[TONE OF RESPONSE: Assertive]
Well, diplomacy hasn't run its course. That's what I'm trying to explain to you a la the Sanger question. And we'll cont",Ambivalent,Clear Non-Reply,CLASSIFICATION: Clear Non-Reply
expectations for the families of the Illinois National Guardsmen who have left for Iraq,"[TONE OF RESPONSE: Assertive]
They expect that their loved one will be participating in a noble and important cause. If I didn't think it was importan",Clear Reply,Clear Reply,Clear Reply
"Do you demand that the peacekeeping force, if and when it gets up and running, disarm Hizballah?","[TONE OF RESPONSE: Assertive]
The truth of the matter is, if 1559, that's the United Nations Security Council resolution number, had been fully implem",Ambivalent,Ambivalent,CLASSIFICATION: Ambivalent
What is the President's level of concern about protectionism in general?,"[TONE OF RESPONSE: Guarded]
My reaction is, is that we have a reform process in place that will be able to deal with this issue. In other words, we're",Ambivalent,Ambivalent,CLASSIFICATION: Ambivalent
What do you say to both the American people and the international community regarding the recent actions of North Korea?,"[TONE OF RESPONSE: Assertive]
No, I appreciate that, and I think it's very important for the American people and North Korea to understand that that s",Ambivalent,Clear Reply,Clear Reply
"On the NATO allies, do you believe that they're avoiding the fight, or at least some of them are?","[TONE OF RESPONSE: Assertive]
Well, I would like to praise the Brits, the Canadians, the Dutch, the Danes, and other countries for their contribution—",Ambivalent,Clear Reply,CLASSIFICATION: Clear Reply
Has the scandal damaged Hastert's credibility and effectiveness in maintaining party control in the midterm elections?,"[TONE OF RESPONSE: Assertive]
No, I think the Speaker's strong statements have made it clear to not only the party members but to the country that he ",Ambivalent,Clear Reply,Clear Reply
Performance of Ben Bernanke,"[TONE OF RESPONSE: Assertive]
I'm not going to make news about Ben Bernanke--[]--although I think he has done a fine job under very difficult circumst",Clear Reply,Clear Reply,CLASSIFICATION: Clear Reply
Are you willing to speak to President Asad to end the crisis in Lebanon?,"[TONE OF RESPONSE: Assertive]
No, it wasn't coordinated with me, and my patience ran out on President Asad a long time ago. And the reason why is, is ",Ambivalent,Clear Reply,CLASSIFICATION: Clear Reply
Inquiring about the results of the talks,"[TONE OF RESPONSE: Guarded]
We sure have. We talked about our concerns about developing a nuclear weapon or having the capacity to make a nuclear weap",Clear Reply,Ambivalent,CLASSIFICATION: Ambivalent
 Do Americans and the rest of the world wonder if the strategy being followed is flawed based on Colin Powell's statement?,"[TONE OF RESPONSE: Assertive]
If there's any comparison between the compassion and decency of the American people and the terrorist tactics of extremi",Ambivalent,Clear Reply,Clear Reply
 Has it made it more complicated in your mind?,"[TONE OF RESPONSE: Assertive]
I think it offers an opportunity as well as a challenge. I think the opportunity is that when you have the kinds of peop",Ambivalent,Ambivalent,CLASSIFICATION: Ambivalent
 Concerns about the U.S. policy leading to a flood of hot money in the Korean economy.,"[TONE OF RESPONSE: Assertive]
I think that kind of question should be asked to me when President Obama is not standing right next to me. []No, we get ",Clear Reply,Clear Reply,CLASSIFICATION: Clear Reply
Assessment of the job performance,"[TONE OF RESPONSE: Assertive]
I don't have any plans to reappoint him because I haven't thought about it. I will now think about it, now that you brou",Clear Reply,Clear Non-Reply,Clear Non-Reply
Discussing proliferation of weapons of mass destruction and missile delivery,"[TONE OF RESPONSE: Guarded]
We sure have. We talked about our concerns about developing a nuclear weapon or having the capacity to make a nuclear weap",Clear Reply,Ambivalent,CLASSIFICATION: Ambivalent
Would you campaign for Mike Fitzpatrick?,"[TONE OF RESPONSE: Assertive]
I already have.",Clear Reply,Clear Reply,Clear Reply
Are you worried that the steps European leaders are taking are too incremental so far?,"[TONE OF RESPONSE: Assertive]
With respect to Europe, I'm deeply concerned, have been deeply concerned, I suspect we'll be deeply concerned tomorrow a",Ambivalent,Clear Reply,Clear Reply
Can the Prime Minister respond in both French and English?,"[TONE OF RESPONSE: Assertive]
Anyway, thanks for the belt buckle in advance. [] No problem at all. Looking forward to getting it. Figure if you're goi",Ambivalent,Clear Non-Reply,CLASSIFICATION: Clear Non-Reply
President's opinion on the Republican candidates defending waterboarding practice at the Republican debate.,"[TONE OF RESPONSE: Assertive]
That's a multiple-choice question, isn't it? [] Let me just say this: They're wrong. Waterboarding is torture. It's cont",Clear Reply,Clear Reply,Clear Reply
Does the administration and our Government run a risk of looking feckless to the world by issuing these kinds of warnings regularly without response from the countries?,"[TONE OF RESPONSE: Assertive]
That's a fair question. First of all, I am making it clear our policy hasn't changed. It's important for the folks to un",Ambivalent,Clear Reply,CLASSIFICATION: Clear Reply
Is your policy consistent between the way you have dealt with Iraq and the way you have dealt with North Korea?,"[TONE OF RESPONSE: Assertive]
I have always said that it's important for an American President to exhaust all diplomatic avenues before the use of for",Ambivalent,Clear Reply,Clear Reply
"If so, is this Nation able to sustain military action on three fronts: Iraq, Afghanistan, and North Korea?","[TONE OF RESPONSE: Assertive]
I have always said that it's important for an American President to exhaust all diplomatic avenues before the use of for",Ambivalent,Clear Reply,CLASSIFICATION: Clear Reply
"Can we go back to North Korea, Mr. President?","[TONE OF RESPONSE: Assertive]
Please.",Clear Reply,Clear Non-Reply,Clear Non-Reply
What is the minimum expectation from you that you will call this conference a success?,"[TONE OF RESPONSE: Assertive]
Right. Well, that's why Condi is making the trip she's making, is to explain to people in private, as well as in public,",Ambivalent,Clear Reply,Clear Reply
"What is the President's intention regarding American troop levels, considering his previous statements and remarks?","[TONE OF RESPONSE: Guarded]
Surely not cute, I agree. [] Whatever you do, don't cause me—call me cute, okay?",Ambivalent,Clear Non-Reply,CLASSIFICATION: Clear Non-Reply
Do you consider yourself to be stingy when it comes to pardons?,"[TONE OF RESPONSE: Assertive]
You know, I don't have the criterion in front of me, Mark, but we have a strict criterion that we utilize—we being the J",Ambivalent,Clear Non-Reply,CLASSIFICATION: Clear Non-Reply
General Abizaid said that the danger that Iraq is facing is the religious danger. Do you agree with his assessment? And do you see that—is there any security plan that can really curb the religious violence?,"[TONE OF RESPONSE: Assertive]
No, I don't see a contradiction in us honoring commitments we made prior to Hizballah attacks into Israeli territory. An",Clear Reply,Clear Reply,CLASSIFICATION: Clear Reply
Dealing with dangerous suspects,"[TONE OF RESPONSE: Assertive]
Thank you for the question on a court ruling that literally came out in the midst of my meeting with the Prime Minister—",Ambivalent,Ambivalent,CLASSIFICATION: Ambivalent
Why not talk to Syria and Iran directly about this crisis and have a back-and-forth conversation?,"[TONE OF RESPONSE: Assertive]
Yes, that's an interesting question. I've been reading about that, that people have been posing that question. We have b",Ambivalent,Clear Reply,CLASSIFICATION: Clear Reply
Why shouldn't we see the cease-fire as one that essentially is falling apart?,"[TONE OF RESPONSE: Assertive]
Yes. No, listen—all the more reason why we need to help our friends and allies get the forces necessary to help the Leba",Ambivalent,Clear Reply,Clear Reply
Don't you worry that that undermines U.S. credibility?,"[TONE OF RESPONSE: Assertive]
David, I don't want to contradict an august reporter such as yourself, but I was made aware of the NIE last week. In Aug",Ambivalent,Clear Reply,CLASSIFICATION: Clear Reply
"In light of the recent political tumult in Greece causing Americans to lose what they had gained back in their 401(k)s, are you confident that the bailout plan will actually happen and if so, will it work?","[TONE OF RESPONSE: Assertive]
Well, first of all, if you're talking about the movements of the U.S. stock market, the stock market was down when I fir",Clear Reply,Clear Reply,Clear Reply
Does the tension between two allies undermine the efforts of getting bin Laden?,"[TONE OF RESPONSE: Assertive]
No. No, it doesn't. It's in President Karzai's interest to see bin Laden brought to justice. It is in President Musharra",Clear Reply,Clear Reply,Clear Reply
"Why do you think it's a bad idea to send more resources to hunt down bin Laden, wherever he is?","[TONE OF RESPONSE: Assertive]
We are, Richard. Thank you. Thanks for asking the question. They were asking me about somebody's report, well, Special F",Clear Reply,Clear Reply,CLASSIFICATION: Clear Reply
Is it fair to portray the war on terror as either being fully supported by certain individuals or being supported by no one at all?,"[TONE OF RESPONSE: Assertive]
Well, I think it's fair to use the words of the people in Congress or their votes. The vote was on the Hamdan legislatio",Ambivalent,Clear Reply,Clear Reply
"Is it now past the deadline, or do they still have more time to respond?","[TONE OF RESPONSE: Assertive]
I thought you were going to ask me about the pig.",Ambivalent,Clear Non-Reply,Clear Non-Reply
Can we hold you to that?,"[TONE OF RESPONSE: Assertive]
Coming back to the bosom of the White House. [] I'm looking forward to hugging you when you come back, everybody. When a",Ambivalent,Clear Non-Reply,CLASSIFICATION: Clear Non-Reply
 Assessing the cooperation between the two Presidents: Have there been more pluses or minuses?,"[TONE OF RESPONSE: Assertive]
Okay, I will start answering. Has it become better, or has it become worse? We always want to have more of a good thing,",Ambivalent,Clear Reply,CLASSIFICATION: Clear Reply
What kind of threat do you think North Korea poses to world peace right now?,"[TONE OF RESPONSE: Assertive]
Nontransparent societies run by Governments that aren't selected by the people are—very difficult to tell what's going o",Ambivalent,Clear Reply,Clear Reply
Time to start talking about Iraq as being in a civil war?,"[TONE OF RESPONSE: Assertive]
Well, it seems like it's pretty easy to speculate from over here about the conditions on the ground. And so what I do is",Clear Reply,Ambivalent,CLASSIFICATION: Ambivalent
 Leadership of the multinational force,"[TONE OF RESPONSE: Assertive]
In terms of the troops, that's what the meeting Monday is going to be about. And this is one of these issues that requir",Ambivalent,Ambivalent,CLASSIFICATION: Ambivalent
How do you punish or penalize a country that's already among the poorest and most isolated in the world?,"[TONE OF RESPONSE: Assertive]
I think that the purpose of the U.N. Security Council resolution is to send a clear message to the leader of that the wo",Ambivalent,Clear Reply,Clear Reply
"What are your thoughts on Chinese officials saying that you need to get involved in the six-party talks and stop dealing with the issue of money laundering, and instead focus on the real issue of ballistic missiles?","[TONE OF RESPONSE: Assertive]
Well, counterfeiting U.S. dollars is an issue that every President ought to be concerned about. And when you catch peopl",Clear Reply,Clear Reply,Clear Reply
Did you discuss what you could move on—in North Korea to move it forward?,"[TONE OF RESPONSE: Assertive]
We strategized on both issues. But this isn't the first time that we've talked together to—on how to solve problems. You",Ambivalent,Clear Reply,CLASSIFICATION: Clear Reply
 Do you think that Turkey has the legitimate right to stage a cross-country offensive—cross-border offensive?,"[TONE OF RESPONSE: Assertive]
I've talked to Ambassador Crocker and General Petraeus about this issue this morning. We are making it very clear to Tur",Ambivalent,Clear Reply,Clear Reply
What if they say deeper spending cuts before you consider tax hikes?,"[TONE OF RESPONSE: Assertive]
Well, I think it just depends on what exactly you're talking about. And I think that there should be a full, open debate",Ambivalent,Ambivalent,CLASSIFICATION: Ambivalent
Was President Karzai able to convince the person in their meetings that Iran was playing a helpful role in Afghanistan?,"[TONE OF RESPONSE: Assertive]
Let me comment on the civilian casualties, if I might. First, I fully understand the angst, the agony, and the sorrow th",Ambivalent,Clear Non-Reply,CLASSIFICATION: Clear Non-Reply
Concern about criticism and questions related to the handling of a terrorist suspect,"[TONE OF RESPONSE: Guarded]
You know, you're trying to get me to prejudge the outcome of this inquiry. And let's wait and see what happens. Let's wait",Ambivalent,Ambivalent,CLASSIFICATION: Ambivalent
 Is the issue of cotton still a sensitive issue in Benin?,"[TONE OF RESPONSE: Assertive]
I must confess that when we started these discussions, we on purpose did not talk about this, because the President aske",Ambivalent,Clear Reply,CLASSIFICATION: Clear Reply
Whether Hizballah's agreement should be a precondition for setting up the force,"[TONE OF RESPONSE: Assertive]
In terms of the troops, that's what the meeting Monday is going to be about. And this is one of these issues that requir",Ambivalent,Ambivalent,CLASSIFICATION: Ambivalent
"Are you prepared today to agree with Prime Minister Blair and acknowledge that you have had the same expectations, which were wrong?","[TONE OF RESPONSE: Assertive]
Actually, I think—I can't remember his answer; I'm sure you've characterized it perfectly. My attitude is that a young d",Ambivalent,Clear Reply,Clear Reply
"And, President Musharraf, would Pakistan have given up its backing of the Taliban if this threat had not come from Armitage?","[TONE OF RESPONSE: Assertive]
First, let me—she's asking about the Armitage thing. The first I've heard of this was when I read it in the newspaper to",Clear Non-Reply,Clear Non-Reply,CLASSIFICATION: Clear Non-Reply
Confidence in Republicans holding the House and the Senate?,"[TONE OF RESPONSE: Assertive]
Yes, I am.",Clear Reply,Clear Reply,Clear Reply
Permission to go inside Pakistan,"[TONE OF RESPONSE: Assertive]
All I can tell you is, is that when Usama bin Laden is found, he will be brought to justice. And that's what we've conti",Ambivalent,Clear Non-Reply,CLASSIFICATION: Clear Non-Reply
Did you support it?,"[TONE OF RESPONSE: Guarded]
I'm not going to comment on the matter.",Clear Non-Reply,Clear Non-Reply,Clear Non-Reply
Do you feel like you have been an effective leader when it comes to the economy?,"[TONE OF RESPONSE: Assertive]
Well, first of all, wherever Republicans indicate an interest in doing things that would actually grow the economy, I'm ",Ambivalent,Clear Reply,Clear Reply
 Why would this be a good idea or not?,"[TONE OF RESPONSE: Guarded]
No, I appreciate you trying to drag me in the '08 race. And this is the first attempt to do so, and I can understand why y",Clear Non-Reply,Clear Non-Reply,Clear Non-Reply
Is your administration to blame for letting North Korea get this far?,"[TONE OF RESPONSE: Assertive]
North Korea has been trying to acquire bombs and weapons for a long period of time, long before I came into office. And ",Ambivalent,Clear Reply,CLASSIFICATION: Clear Reply
Are people who are saying that we're moving forward to a full war wrong?,"[TONE OF RESPONSE: Assertive]
Deb, there's all kinds of speculation about what may be or not happening. What you're seeing on TV has started last Febr",Ambivalent,Clear Reply,CLASSIFICATION: Clear Reply
 Do you trust or believe that the opposition will accept your invitation for a dialog?,"[TONE OF RESPONSE: Assertive]
Well, to answer the first question, there's the financial problem, which is quite delicate in several markets. What I ca",Clear Reply,Clear Reply,CLASSIFICATION: Clear Reply
Do you feel in some way that there is some shift going on in terms of the general support for the war in Iraq?,"[TONE OF RESPONSE: Assertive]
[] Jim, I understand how hard it is, and I also understand the stakes. And let me go back to Senator Warner. Senator War",Ambivalent,Clear Reply,Clear Reply
. Obstacle to reaching agreement on the KORUS FTA issue,"[TONE OF RESPONSE: Assertive]
The talks will continue. The talks, like I said, will continue between Korea and the United States. And as you know, my ",Clear Reply,Clear Reply,Clear Reply
Should Fannie Mae and Freddie Mac be allowed to buy mortgages beyond their current limits or play any additional role that could help revive mortgage finance?,"[TONE OF RESPONSE: Assertive]
As you know, we put up a robust reform package for these two institutions, a reform package that will cause them to focu",Ambivalent,Clear Non-Reply,Clear Non-Reply
How important is a competitive dollar in keeping U.S. exports strong and growing?,"[TONE OF RESPONSE: Assertive]
We believe in a strong dollar policy, and we believe that—and I believe that our economy has got the fundamentals in pla",Ambivalent,Clear Reply,Clear Reply
"Are you frustrated, sir?","[TONE OF RESPONSE: Assertive]
Frustrated? Sometimes I'm frustrated—rarely surprised. Sometimes I'm happy. This is—but war is not a time of joy. These ",Ambivalent,Clear Reply,Clear Reply
\n2. Do you believe that the biggest drag on the Republican Party is the situation in Iraq?,"[TONE OF RESPONSE: Assertive]
I believe that the situation in Iraq is, no question, tough on the American psyche, like I said, I think, at this very s",Ambivalent,Clear Reply,CLASSIFICATION: Clear Reply
"Specifically, what has your administration done in the past year to help the folks down there?","[TONE OF RESPONSE: Assertive]
Yes, thanks. You know, I went to New Orleans, in Jackson Square, and made a commitment that we would help the people the",Clear Reply,Clear Reply,Clear Reply
Do you agree with the Prime Minister's supporters that he led the way on the issue?,"[TONE OF RESPONSE: Assertive]
Well, on your second question, Mr. McKinnon, we have proceeded through all the processes required under our extradition ",Ambivalent,Clear Reply,CLASSIFICATION: Clear Reply
Influence of U.S.-Russian relationship on world politics: How has this relationship affected world politics?,"[TONE OF RESPONSE: Assertive]
Okay, I will start answering. Has it become better, or has it become worse? We always want to have more of a good thing,",Ambivalent,Clear Reply,CLASSIFICATION: Clear Reply
Is it because the military is already overtasked?,"[TONE OF RESPONSE: Assertive]
No, I think, first of all, there has been a history in Lebanon with U.S.troops. Secondly, I have said that if the intern",Ambivalent,Clear Reply,CLASSIFICATION: Clear Reply
"If you had actionable intelligence about the whereabouts of top Al Qaida leaders in Pakistan, would you wait for Musharraf's permission to send in U.S. forces, even if it meant missing an opportunity to take them out?","[TONE OF RESPONSE: Assertive]
I am confident that with actionable intelligence, we will be able to bring top Al Qaida to justice. We're in constant co",Ambivalent,Clear Reply,CLASSIFICATION: Clear Reply
Are we headed toward a military action in North Korea?,"[TONE OF RESPONSE: Assertive]
I have always said that it's important for an American President to exhaust all diplomatic avenues before the use of for",Ambivalent,Clear Reply,Clear Reply
Do you think that the statement made by the Republican leader in the House is the right tone to set for the upcoming campaign?,"[TONE OF RESPONSE: Assertive]
I wouldn't have exactly put it that way. But I do believe there's a difference of attitude. I mean, take the PATRIOT Act",Ambivalent,Clear Reply,Clear Reply
Government shutdown threat,"[TONE OF RESPONSE: Assertive]
Well, ultimately, Congress makes the decisions about whether or not we spend money and whether or not we keep this Gover",Ambivalent,Clear Reply,Clear Reply
"Is that a make-or-break issue for you, in terms of domestic politics?","[TONE OF RESPONSE: Assertive]
I already have.",Ambivalent,Clear Non-Reply,Clear Non-Reply
Clarification on whether the NIE (National Intelligence Estimate) will result in a change in U.S. policy towards Iran or a shift in focus.,"[TONE OF RESPONSE: Assertive]
I'm saying that I believed before the NIE that was dangerous, and I believe after the NIE that is dangerous. And I belie",Ambivalent,Clear Reply,CLASSIFICATION: Clear Reply
"Will Secretary Rice be reaching out to Berri, as she had spoken with him before?","[TONE OF RESPONSE: Assertive]
Whatever happens in the U.N., we must not create a vacuum into which Hizballah and its sponsors are able to move more we",Ambivalent,Clear Reply,CLASSIFICATION: Clear Reply
Will the U.N. Security Council move quickly on sanctions if Iran does not stop or suspend its enrichment program?,"[TONE OF RESPONSE: Dismissive]
I certainly hope so. In order for the U.N. to be effective, there must be consequences if people thumb their nose at th",Ambivalent,Clear Reply,Clear Reply
What kind of cooperation do you think is possible between Japan and the United States to resolve the missile issue related to the North Koreans launching Taepodong-2?,"[TONE OF RESPONSE: Assertive]
Do you want to go? Yes, please. The ns—I believe, in the first place, we need to try and approach the ns not to launch T",Ambivalent,Clear Reply,CLASSIFICATION: Clear Reply
Do you want the United Nations to impose sanctions on North Korea?,"[TONE OF RESPONSE: Assertive]
Nontransparent societies run by Governments that aren't selected by the people are—very difficult to tell what's going o",Ambivalent,Ambivalent,CLASSIFICATION: Ambivalent
Will it happen in the next months?,"[TONE OF RESPONSE: Assertive]
Sometime next year, I would say.",Ambivalent,Clear Reply,Clear Reply
What would you say to the people attracted to it?,"[TONE OF RESPONSE: Assertive]
Obviously, I've heard of it. I've seen it on television. I think it expresses the frustrations that the American people ",Ambivalent,Clear Reply,CLASSIFICATION: Clear Reply
"How would you react to a scenario where a CIA officer, paramilitary or special operations soldier from the United States is captured in Iran or North Korea, interrogated in accordance with their interpretation of the Geneva Conventions, put on trial, and convicted based on secret evidence that they were not able to see?","[TONE OF RESPONSE: Assertive]
David, my reaction is, is that if the nations such as those you named, adopted the standards within the detainee detenti",Ambivalent,Clear Reply,Clear Reply
And is it maybe time for you to apply some of that direct pressure you referred to earlier?,"[TONE OF RESPONSE: Assertive]
Step one of any complicated process that is going to require a lot of hard work and serious dialogue is whether the mind",Ambivalent,Clear Reply,CLASSIFICATION: Clear Reply
Concern about the attack on Beirut Airport,"[TONE OF RESPONSE: Assertive]
As I mentioned, my biggest concern is whether or not actions taken will weaken the Siniora Government. Democracy in Leba",Ambivalent,Clear Reply,CLASSIFICATION: Clear Reply
"Is the administration at this time trying to play it both ways by appeasing the critics, suggesting that troop withdrawal is right around the corner, at the same time making no real commitments?","[TONE OF RESPONSE: Assertive]
Suzanne, I think I went on to say on Air Force One, if I recall, somewhere between Baghdad and Sydney, that, why don't w",Ambivalent,Clear Non-Reply,Clear Non-Reply
"How can you say your policy is more successful, given that North Korea has apparently tested a nuclear weapon?","[TONE OF RESPONSE: Assertive]
My point was, bilateral negotiations didn't work. I appreciate the efforts of previous administrations. It just didn't w",Ambivalent,Clear Reply,CLASSIFICATION: Clear Reply
"Is the Vladimir Putin who said, The United States is undermining global security and provoking a new arms race, the same Vladimir Putin whose soul you looked into and found to be trustworthy? ","[TONE OF RESPONSE: Assertive]
I think the person who I was referring to in 2001 is the same strong-willed person. He is a person with whom I have had ",Clear Reply,Clear Reply,Clear Reply
Regret for not acting differently in light of the long history of deception.,"[TONE OF RESPONSE: Assertive]
I used the moment to continue my desire to convince others to become equity partners in the Korean issue—North Korean is",Ambivalent,Clear Reply,Clear Reply
" President Putin, what would it take for you to be convinced that such a system would not be a threat to Russian security?","[TONE OF RESPONSE: Assertive]
I think I just explained how far we have come on this issue. This is a concept that I talked to Vladimir about a while a",Clear Reply,Clear Reply,CLASSIFICATION: Clear Reply
"How would Russia respond if the U.S. went ahead with this anyway, as well as bringing Ukraine and Georgia into NATO?","[TONE OF RESPONSE: Assertive]
I think I just explained how far we have come on this issue. This is a concept that I talked to Vladimir about a while a",Ambivalent,Ambivalent,CLASSIFICATION: Ambivalent
Did they discuss the schedule of further exchanges for the remaining part of the year?,"[TONE OF RESPONSE: Assertive]
Okay, I will start answering. Has it become better, or has it become worse? We always want to have more of a good thing,",Clear Reply,Clear Reply,CLASSIFICATION: Clear Reply
As a moral leader though?,"[TONE OF RESPONSE: Assertive]
I think I am a great moral leader, and I love our country.Go ahead, please.Bipartisanship//House Minority Leader Nancy P",Clear Reply,Clear Non-Reply,CLASSIFICATION: Clear Non-Reply
" Do you still believe there is a relationship between Saddam Hussein, Zarqawi, and Al Qaida?","[TONE OF RESPONSE: Assertive]
The point I was making to Ken Herman's [Austin American-Statesman] question was that was a state sponsor of terror and t",Ambivalent,Clear Reply,CLASSIFICATION: Clear Reply
" Do you feel that he's looking at what's been offered to the Iranians by the world community in terms of incentives and saying, I'd like a little of that for myself?","[TONE OF RESPONSE: Guarded]
It's hard for me to tell you what's on his mind. He lives in a very closed society. It's unlike our societies where we hav",Ambivalent,Clear Reply,CLASSIFICATION: Clear Reply
 Concerns of Provoking North Korea to Higher Levels of Hostility,"[TONE OF RESPONSE: Assertive]
Well, this is not simply a U.S. policy; this is a international policy. This was part of what the Security Council resol",Ambivalent,Clear Reply,Clear Reply
Alignment of the President's perspective with the Defense Secretary's response,"[TONE OF RESPONSE: Assertive]
I think he made it pretty clear the removal of Saddam—I don't know about this column, but I know his previous statements",Ambivalent,Clear Reply,CLASSIFICATION: Clear Reply
"Mr. President, did you ask Canada to reconsider joining in the Ballistic Missile Defense Shield?","[TONE OF RESPONSE: Assertive]
Anyway, thanks for the belt buckle in advance. [] No problem at all. Looking forward to getting it. Figure if you're goi",Clear Reply,Clear Reply,CLASSIFICATION: Clear Reply
Concern about the impact of a sagging economy on John McCain's chances of winning the election.,"[TONE OF RESPONSE: Assertive]
I'm concerned about the economy because I'm concerned about working Americans, concerned about people who want to put mo",Ambivalent,Clear Reply,Clear Reply
Are U.S.-Russian relations deteriorating?,"[TONE OF RESPONSE: Assertive]
I think the person who I was referring to in 2001 is the same strong-willed person. He is a person with whom I have had ",Ambivalent,Clear Reply,Clear Reply
"How is it that you now find yourself in a situation where you have essentially an open rebellion on Capitol Hill led by some of the leading members of your own party, very respected voices in military affairs?","[TONE OF RESPONSE: Assertive]
First, we have been working throughout the summer, talking to key players about getting a bill that will enable the prog",Ambivalent,Clear Reply,Clear Reply
How do you get a resolution that both sides will support?,"[TONE OF RESPONSE: Assertive]
Everyone wants the violence to stop. People understand that there needs to be a cessation of hostilities in order for us",Ambivalent,Clear Reply,CLASSIFICATION: Clear Reply
"Prime Minister, do you still think it's wrong and not in Canada's interest to join the BMD?","[TONE OF RESPONSE: Assertive]
Anyway, thanks for the belt buckle in advance. [] No problem at all. Looking forward to getting it. Figure if you're goi",Ambivalent,Clear Reply,CLASSIFICATION: Clear Reply
Putting off immigration reform until the new Congress,"[TONE OF RESPONSE: Assertive]
Bob, I strongly believe that in order to protect this border, Congress has got to pass a comprehensive plan that on the ",Ambivalent,Clear Reply,CLASSIFICATION: Clear Reply
What is the President's reaction to the deal where the Government of Dubai would buy a share of the NASDAQ stock market?,"[TONE OF RESPONSE: Guarded]
My reaction is, is that we have a reform process in place that will be able to deal with this issue. In other words, we're",Clear Reply,Ambivalent,CLASSIFICATION: Ambivalent
What is the connection between Iraq and the topic being discussed?,"[TONE OF RESPONSE: Assertive]
What did have to do with what?",Clear Non-Reply,Clear Non-Reply,Clear Non-Reply
Is it factually accurate that the administration had no meetings on bin Laden for 9 months after he left office?,"[TONE OF RESPONSE: Assertive]
You know, look, Caren, I've watched all this finger-pointing and naming of names and all that stuff. Our objective is to",Ambivalent,Clear Non-Reply,CLASSIFICATION: Clear Non-Reply
What steps will you be doing in order to help Iraq to get out of chapter 7?,"[TONE OF RESPONSE: Assertive]
Well, this is an area that Prime Minister Maliki emphasized, and we have made a strong commitment to work with Iraq to g",Clear Reply,Clear Reply,Clear Reply
The sufficiency of the Fed's half-point rate cut to stave off recession,"[TONE OF RESPONSE: Assertive]
Roger, I do not comment on the decisions made by the Fed. I will comment on Ben Bernanke; I think he's doing a fine job.",Clear Non-Reply,Clear Non-Reply,CLASSIFICATION: Clear Non-Reply
Willingness to rethink use of Presidential authority given criticisms and support for the Court,"[TONE OF RESPONSE: Assertive]
I am willing to abide by the ruling of the Supreme Court. And the Supreme Court said that in this particular case, when ",Ambivalent,Clear Reply,Clear Reply
Are you still pursuing him?,"[TONE OF RESPONSE: Assertive]
Absolutely. No ands, ifs, or buts. And in my judgment, it's just a matter of time, unless we stop looking. And we're not",Clear Reply,Clear Reply,Clear Reply
"And, President Putin, is Russia now willing, if necessary, to vote for sanctions in the United Nations to stop Iran's nuclear preparations?","[TONE OF RESPONSE: Assertive]
We strategized on both issues. But this isn't the first time that we've talked together to—on how to solve problems. You",Ambivalent,Clear Reply,CLASSIFICATION: Clear Reply
"Have you found a solution to the case of computer hacker Gary McKinnon, as discussed last year?","[TONE OF RESPONSE: Assertive]
Well, on your second question, Mr. McKinnon, we have proceeded through all the processes required under our extradition ",Ambivalent,Clear Reply,CLASSIFICATION: Clear Reply
Is it because there is a fear that the U.S. doesn't have credibility in the region?,"[TONE OF RESPONSE: Assertive]
No, I think, first of all, there has been a history in Lebanon with U.S.troops. Secondly, I have said that if the intern",Ambivalent,Clear Reply,Clear Reply
"Why the person mentioned Hizballah rockets but not Israeli bombs destroying Lebanon, and why they always give Israel a pass","[TONE OF RESPONSE: Assertive]
Yes, thank you. I like to remind people about how this started, how this whole—how the damage to innocent life, which bo",Ambivalent,Clear Non-Reply,CLASSIFICATION: Clear Non-Reply
Clarification on the stance towards a nuclear North Korea.,"[TONE OF RESPONSE: Dismissive]
No.",Clear Reply,Clear Non-Reply,Clear Non-Reply
Would you be okay with other countries interpreting the Geneva Conventions as they see fit?,"[TONE OF RESPONSE: Assertive]
I am saying that I would hope that they would adopt the same standards we adopt, and that by clarifying Article 3, we ma",Ambivalent,Clear Reply,Clear Reply
"Do you stand by your figure, 30,000?","[TONE OF RESPONSE: Assertive]
You know, I stand by the figure. A lot of innocent people have lost their life—600,000, or whatever they guessed at, is ",Clear Reply,Clear Reply,Clear Reply
Communication with the Defense Secretary,"[TONE OF RESPONSE: Assertive]
I think he made it pretty clear the removal of Saddam—I don't know about this column, but I know his previous statements",Clear Reply,Clear Reply,Clear Reply
"Did you ask Russia to take specific steps, for example with Iran, to agree to U.N. sanctions?","[TONE OF RESPONSE: Assertive]
We strategized on both issues. But this isn't the first time that we've talked together to—on how to solve problems. You",Ambivalent,Ambivalent,CLASSIFICATION: Ambivalent
What is the pressure point?,"[TONE OF RESPONSE: Assertive]
Yes, I would hope it would be international pressure on not only Hizballah, the group of Hizballah within Lebanon, but a",Clear Reply,Clear Reply,Clear Reply
Do you agree with the comparison between Hamas and Al Qaida?,"[TONE OF RESPONSE: Assertive]
I believe that Hamas, in its own description of its agenda, has not renounced violence and has not recognized the State ",Ambivalent,Clear Reply,CLASSIFICATION: Clear Reply
Do you see a risk of triggering a wider war?,"[TONE OF RESPONSE: Assertive]
I thought you were going to ask me about the pig.",Ambivalent,Clear Non-Reply,Clear Non-Reply
"What can President Bush and President Putin do to stop the violence and fighting in the Middle East, given the divisions among allies concerning Israel's use of excessive force?","[TONE OF RESPONSE: Guarded]
I think you'll find all parties here want the violence to stop. In my judgment, the best way to stop the violence is to un",Clear Reply,Clear Reply,Clear Reply
"And for the Prime Minister, did you offer any new assurances to the President—or do you plan to—that Israel will stop disputed settlement and construction activity?","[TONE OF RESPONSE: Assertive]
Step one of any complicated process that is going to require a lot of hard work and serious dialogue is whether the mind",Ambivalent,Clear Reply,CLASSIFICATION: Clear Reply
Contrast the impact on the economy if Republicans retain control of Congress versus what happens if Democrats take over.,"[TONE OF RESPONSE: Assertive]
If I weren't here—first of all, I don't believe the Democrats are going to take over, because our record on the economy ",Clear Reply,Clear Reply,Clear Reply
Can you comment on what looks like a judicial repudiation of your administration's policy on the treatment of terror suspects post-9/11?,"[TONE OF RESPONSE: Assertive]
Matt, I can't—I wish I could comment, and would, obviously. I'm a person who generally comments on things. I haven't bee",Clear Non-Reply,Clear Non-Reply,Clear Non-Reply
" Is the goalpost moving, sir?","[TONE OF RESPONSE: Assertive]
No, no. The enemy is changing tactics, and we're adapting. That's what's happening. And I asked General Casey today, Hav",Clear Reply,Clear Reply,CLASSIFICATION: Clear Reply
The question Q is asking if the person being addressed voted in the Texas primary.,"[TONE OF RESPONSE: Guarded]
I did, and I'm not telling you who. [] Thank you.",Clear Reply,Clear Non-Reply,Clear Non-Reply
"How do you feel about a lot of the foreign-owned companies buying out U.S. tech companies, especially those that have military contracts?","[TONE OF RESPONSE: Guarded]
We have laws that prevent sensitive technologies from being transferred as a result of sale and/or merger. And we watch th",Ambivalent,Clear Reply,Clear Reply
At what point do you feel that you declare stalemate to try and reach common ground?,"[TONE OF RESPONSE: Assertive]
Well, first of all, wherever Republicans indicate an interest in doing things that would actually grow the economy, I'm ",Ambivalent,Clear Reply,Clear Reply
"If it were headed—if it had been headed at the United States, how would our national ballistic missile system have taken it down?","[TONE OF RESPONSE: Assertive]
I still can't give you any better answer than yesterday. I can embellish yesterday's answer. It may sound better. No, I—",Clear Non-Reply,Clear Non-Reply,Clear Non-Reply
Closing Guantanamo Bay,"[TONE OF RESPONSE: Assertive]
Thank you for the question on a court ruling that literally came out in the midst of my meeting with the Prime Minister—",Clear Non-Reply,Clear Reply,Clear Reply
"Is it a fair assumption that the CIA operatives are in Pakistan, cooperating with the Pakistanis, and that they're sharing everything with you and vice versa?","[TONE OF RESPONSE: Guarded]
John, what's fair is, I'm not—what you must assume is that I'm not going to talk about ongoing intelligence matters.Yes, s",Clear Non-Reply,Clear Non-Reply,Clear Non-Reply
"What is the redline for North Korea, given what has happened over the past few months?","[TONE OF RESPONSE: Assertive]
My point was, bilateral negotiations didn't work. I appreciate the efforts of previous administrations. It just didn't w",Ambivalent,Ambivalent,CLASSIFICATION: Ambivalent
 Is a no-fly zone under consideration as an option?,"[TONE OF RESPONSE: Assertive]
That is one of the options that we would be looking at. First, in terms of Libya, I recognize and applaud the efforts un",Clear Reply,Clear Reply,CLASSIFICATION: Clear Reply
Expectations of success for the new security crackdown in Baghdad,"[TONE OF RESPONSE: Guarded]
I'll start—do you want to start? Go ahead. Actually, the circumstances that the Baghdad security plans, or other plans rel",Clear Reply,Ambivalent,CLASSIFICATION: Ambivalent
Did you discuss the possibility of referring the matter to the U.N. Security Council?,"[TONE OF RESPONSE: Assertive]
Do you want to go? Yes, please. The ns—I believe, in the first place, we need to try and approach the ns not to launch T",Ambivalent,Clear Non-Reply,CLASSIFICATION: Clear Non-Reply
 How would you characterize the relationship between the United States and the United Nations at this point?,"[TONE OF RESPONSE: Assertive]
Yes. First of all, my personal relationship with Kofi Annan is good. I like him. And we've got a good relationship, pers",Ambivalent,Clear Reply,Clear Reply
Does he pose any particular unique problems to deal with?,"[TONE OF RESPONSE: Guarded]
It's hard for me to tell you what's on his mind. He lives in a very closed society. It's unlike our societies where we hav",Ambivalent,Ambivalent,CLASSIFICATION: Ambivalent
Are you concerned that the results of the exit polls may embolden voters from the other party?,"[TONE OF RESPONSE: Assertive]
Well, it also means one out of two voters think it was the right thing to do. And obviously, this is an issue that has b",Ambivalent,Clear Reply,Clear Reply
Is it fair for people to ask questions about your commitment to accountability?,"[TONE OF RESPONSE: Assertive]
I would hope people would say that I am deliberate in my decisionmaking; I think about all aspects of the decisions I ma",Ambivalent,Clear Reply,Clear Reply
What is each person's position on whether the U.S. needs permission to strike inside Pakistan if Usama bin Laden is located?,"[TONE OF RESPONSE: Assertive]
Well, first of all, I appreciate the briefing on the tribal deal. When the President looks me in the eye and says, The t",Ambivalent,Clear Reply,Clear Reply
"Should the abstinence provision, which allocates a significant portion of the money on abstinence programs, be dropped?","[TONE OF RESPONSE: Assertive]
It seemed like there was a lot of excitement for me—wait a minute. [] Maybe I—maybe you missed it.Anyway, look, my attit",Ambivalent,Clear Non-Reply,CLASSIFICATION: Clear Non-Reply
How important is Grand Ayatollah Ali al-Sistani in the equation moving forward?,"[TONE OF RESPONSE: Assertive]
Well, I haven't made up my mind yet about more troops. I'm listening to our commanders; I'm listening to the Joint Chief",Ambivalent,Clear Reply,Clear Reply
Are you prepared to pass on the fate of the war to the next President?,"[TONE OF RESPONSE: Assertive]
David Petraeus, the general on the ground, will be bringing his recommendations back to the Congress on or about Septemb",Clear Non-Reply,Clear Reply,CLASSIFICATION: Clear Reply
How will you work with someone who has such little respect for your leadership and who is third in line to the Presidency?,"[TONE OF RESPONSE: Guarded]
Suzanne, I've been around politics a long time. I understand when campaigns end, and I know when governing begins. And I a",Ambivalent,Clear Reply,Clear Reply
Was the President able to give President Karzai the assurances he sought about reducing civilian casualties in Afghanistan?,"[TONE OF RESPONSE: Assertive]
Let me comment on the civilian casualties, if I might. First, I fully understand the angst, the agony, and the sorrow th",Ambivalent,Ambivalent,CLASSIFICATION: Ambivalent
Desire for Ben Bernanke to stay on when his term ends in January,"[TONE OF RESPONSE: Assertive]
I'm not going to make news about Ben Bernanke--[]--although I think he has done a fine job under very difficult circumst",Ambivalent,Clear Reply,CLASSIFICATION: Clear Reply
 Did she go already?,"[TONE OF RESPONSE: Guarded]
Oh, she already has—[inaudible].",Ambivalent,Clear Non-Reply,Clear Non-Reply
" Did the elections come up, the Russian elections?","[TONE OF RESPONSE: Assertive]
They did. They did. And I said we were sincere in our expressions of concern about the elections.Wolf [Richard Wolf, USA",Clear Reply,Clear Reply,Clear Reply
"Is there an obvious change that could be made to the security status, particularly in Baghdad right now?","[TONE OF RESPONSE: Assertive]
——a lot of time talking about security, and I can understand why. Because there's—there are people who are willing to de",Ambivalent,Clear Reply,CLASSIFICATION: Clear Reply
Do they still have concerns about Iran's role in Afghanistan?,"[TONE OF RESPONSE: Assertive]
Let me comment on the civilian casualties, if I might. First, I fully understand the angst, the agony, and the sorrow th",Ambivalent,Clear Non-Reply,CLASSIFICATION: Clear Non-Reply
Possible appointment to another position at the Department of Justice,"[TONE OF RESPONSE: Assertive]
As a special prosecutor?",Clear Non-Reply,Clear Non-Reply,CLASSIFICATION: Clear Non-Reply
Whether the resolution should include a call for an immediate ceasefire,"[TONE OF RESPONSE: Assertive]
In terms of the troops, that's what the meeting Monday is going to be about. And this is one of these issues that requir",Ambivalent,Clear Non-Reply,CLASSIFICATION: Clear Non-Reply
 Do the new findings take the military option off the table?,"[TONE OF RESPONSE: Assertive]
Here's what we know. We know that they're still trying to learn how to enrich uranium. We know that enriching uranium is",Ambivalent,Clear Reply,CLASSIFICATION: Clear Reply
"What does President Kikwete think it says about America, that the country might elect a black President with African roots?","[TONE OF RESPONSE: Assertive]
It seemed like there was a lot of excitement for me—wait a minute. [] Maybe I—maybe you missed it.Anyway, look, my attit",Clear Non-Reply,Clear Non-Reply,CLASSIFICATION: Clear Non-Reply
What say you about the U.S. boycotting the conference?,"[TONE OF RESPONSE: Assertive]
Well, let me, first of all, say that I believe in the United Nations. I believe in the possibility of the United Nations",Ambivalent,Clear Reply,CLASSIFICATION: Clear Reply
What is different about the current set of warnings?,"[TONE OF RESPONSE: Assertive]
That's a fair question. First of all, I am making it clear our policy hasn't changed. It's important for the folks to un",Clear Reply,Clear Reply,CLASSIFICATION: Clear Reply
 How do you square all of the consequences mentioned for pulling out with the idea that they wouldn't have been there if the initial action hadn't occurred?,"[TONE OF RESPONSE: Assertive]
I square it because, imagine a world in which you had Saddam Hussein who had the capacity to make a weapon of mass destr",Clear Reply,Clear Reply,CLASSIFICATION: Clear Reply
"There are reports that your administration is speeding up delivery of laser-guided missiles to Israel and bunker-buster bombs. And do you see this—if this is true, do you see it as contradictory? On one hand, you allow Israel to kill people, and civilian, in particular, and on the other hand, you're trying to aid the very people that have been suffering and killed as a result?","[TONE OF RESPONSE: Assertive]
No, I don't see a contradiction in us honoring commitments we made prior to Hizballah attacks into Israeli territory. An",Clear Reply,Clear Reply,CLASSIFICATION: Clear Reply
Are you following this movement?,"[TONE OF RESPONSE: Assertive]
Obviously, I've heard of it. I've seen it on television. I think it expresses the frustrations that the American people ",Clear Reply,Clear Reply,CLASSIFICATION: Clear Reply
Are you still convinced that Iran is trying to build a nuclear bomb?,"[TONE OF RESPONSE: Assertive]
Here's what we know. We know that they're still trying to learn how to enrich uranium. We know that enriching uranium is",Ambivalent,Clear Reply,CLASSIFICATION: Clear Reply
Non-Proliferation Treaty and Iran's knowledge to enrich uranium,"[TONE OF RESPONSE: Assertive]
The problem that most of the world has seen in stems from the fact that they hid their program. That's what the NIE says",Ambivalent,Clear Reply,CLASSIFICATION: Clear Reply
"Would you take the leading role, along with President Musharraf, to build these bridges and promote interfaith harmony to avert any wrong notion of clash of civilizations?","[TONE OF RESPONSE: Assertive]
I appreciate the President's leadership in promoting harmony. There is unbelievable propaganda in the Middle East these ",Ambivalent,Clear Reply,CLASSIFICATION: Clear Reply
Does it concern you that the Beirut Airport has been bombed?,"[TONE OF RESPONSE: Assertive]
I thought you were going to ask me about the pig.",Ambivalent,Clear Non-Reply,CLASSIFICATION: Clear Non-Reply
What are your thoughts?,"[TONE OF RESPONSE: Assertive]
My thoughts are that the local police will make the proper decision and that if they decide for him not to go— like it l",Clear Reply,Clear Reply,Clear Reply
"And if not, why not?","[TONE OF RESPONSE: Guarded]
Because Condi is handling those conversations, and she's doing a fine job of doing so.Yes.",Clear Reply,Clear Non-Reply,Clear Non-Reply
 Previous conversations with Prime Minister Maliki: Did you feel confident that he shares your view on Iraq?,"[TONE OF RESPONSE: Assertive]
On Iran?",Clear Non-Reply,Clear Non-Reply,CLASSIFICATION: Clear Non-Reply
"What does this say about the Democratic leadership, the way they're running Congress, and your relations with the leaders?","[TONE OF RESPONSE: Assertive]
You know, I don't view— I just don't view life as zero-sum. I think there—all of us deserve credit for getting some thin",Ambivalent,Clear Reply,CLASSIFICATION: Clear Reply
Conditions on the ground in Baghdad and the potential significant withdrawal of American forces by the end of the year,"[TONE OF RESPONSE: Guarded]
I'll start—do you want to start? Go ahead. Actually, the circumstances that the Baghdad security plans, or other plans rel",Ambivalent,Clear Reply,Clear Reply
" If so, why?","[TONE OF RESPONSE: Assertive]
I believe that the situation in Iraq is, no question, tough on the American psyche, like I said, I think, at this very s",Ambivalent,Clear Reply,CLASSIFICATION: Clear Reply
Request for the speaker's understanding and response to the frustration,"[TONE OF RESPONSE: Guarded]
Well, the people who should get really frustrated are the Israelis and the Lebanese. They ought to be the ones who are fru",Ambivalent,Ambivalent,CLASSIFICATION: Ambivalent
"Mr. President, we know that you talked about Iran and North Korea. Let me ask you if you moved forward at all on these issues?","[TONE OF RESPONSE: Assertive]
We strategized on both issues. But this isn't the first time that we've talked together to—on how to solve problems. You",Clear Reply,Clear Reply,CLASSIFICATION: Clear Reply
" Is there anything that's disappointed you about the recovery, the Federal response?","[TONE OF RESPONSE: Assertive]
I was concerned at first about how much Congress and the taxpayers would be willing to appropriate and spend. I think $1",Ambivalent,Clear Reply,CLASSIFICATION: Clear Reply
Why shouldn't Americans see the U.S. policy regarding North Korea as a failed one?,"[TONE OF RESPONSE: Guarded]
Because it takes time to get things done.",Clear Reply,Clear Non-Reply,Clear Non-Reply
